Hex;Name;FileName
264A0A17;<PNAMEM>;c001000
1120C816;<PNAMEM>;c001100
FAE20310;<PNAMEM>;c001400
9E1B1919;<PNAMEM>;c001800
DBEF6E64;<PNAMEM>;c001850
A971DB18;<PNAMEM>;c001900
E840C001;<PNAMEM>;c001910
2B13ED2A;<PNAMEM>;c001920
6A22F633;<PNAMEM>;c001930
A1FB02D0;<PNAMEM>;c001980
C8E5BF05;Katie;c002000
AD8203BD;<PNAMEF>;c003000
C35687BE;<PNAMEF>;c003200
86A2F0C3;<PNAMEF>;c003250
F43C45BF;<PNAMEF>;c003300
712A0ABA;<PNAMEF>;c003400
4640C8BB;<PNAMEF>;c003500
1FFE8EB9;<PNAMEF>;c003600
28944CB8;<PNAMEF>;c003700
15D310B3;<PNAMEF>;c003800
502767CE;<PNAMEF>;c003850
22B9D2B2;<PNAMEF>;c003900
6388C9AB;<PNAMEF>;c003910
A0DBE480;<PNAMEF>;c003920
E1EAFF99;<PNAMEF>;c003930
2A330B7A;<PNAMEF>;c003980
6D36E3CE;Eddie;c102000
08515F76;Bear;c103000
B16988EB;Dad;c104000
F05893F2;Dad;c104010
D40E3453;Mom;c105000
2DEBC25A;Katie's Dad;c201000
6CDAD943;Katie's Dad;c201010
C3447748;Katie's Mom;c202000
A623CBF0;Mr. Archer;c203000
1F1B1C6D;Mrs. Archer;c204000
7A7CA0D5;Mr. Bernstein;c205000
94D315C7;Mrs. Bernstein;c206000
4DB80220;Mr. Thomas;c221000
0C891939;Mr. Thomas;c221010
A317B732;Mrs. Thomas;c222000
C6700B8A;Joshua;c223000
7F48DC17;Doctor Hughly;c224000
3E79C70E;Doctor Hughly;c224010
1A2F60AF;Buck;c225000
A27E73A1;Buck;c225800
E78A04DC;Buck;c225850
F480D5BD;Dorothy;c226000
91E76905;Sally;c227000
5D642292;Topatopa;c251000
B3CB9780;Aria;c252000
D6AC2B38;Raina;c253000
6F94FCA5;Solana;c254000
0AF3401D;Fiona;c255000
8D1E82D5;Blunder;c261000
BA7440D4;Blunder;c261100
63B137C7;Folly;c262000
54DBF5C6;Folly;c262100
06D68B7F;Mr. Box;c263000
BFEE5CE2;Parcelina;c264000
DA89E05A;Parcelina;c265000
34265548;The BBQ Bunny;c266000
5141E9F0;Clown;c267000
1070F2E9;Clown;c267010
07518AA8;C. Ringmaster;c268000
62363610;Madam Mush.;c269000
58505E50;<PNAMEM>;c270000
ECA0B26A;Champy;c281000
020F0778;Sailor Heart;c282000
6768BBC0;Sailor Serenity;c283000
DE506C5D;Sailor Soleil;c284000
BB37D0E5;Enma;c285000
559865F7;Sailor Psycho;c286000
5C89D257;Unamed;c291000
88389E91;Augie Stone;c301000
66972B83;Mr. Byrd;c302000
03F0973B;Amy;c303000
42C18C22;Amy;c303010
BAC840A6;Kenny;c304000
DFAFFC1E;Andy;c305000
3100490C;Mark;c306000
5467F5B4;Eric;c307000
027796EC;Stephen;c308000
67102A54;Lucas;c309000
5D764214;Daniel;c310000
3811FEAC;Matt;c311000
D6BE4BBE;Casey;c312000
B3D9F706;Meg;c313000
0AE1209B;Sarah;c314000
6F869C23;Lina;c315000
81292931;Chelsea;c316000
E44E9589;Alex;c317000
B25EF6D1;Shelly;c318000
F36FEDC8;Shelly;c318010
D7394A69;Lulu;c319000
8D0CE253;Maya;c320000
E86B5EEB;Natalie;c321000
06C4EBF9;Zoey;c322000
63A35741;Mr. Goodsight;c323000
DA9B80DC;Mr. Fischer;c324000
BFFC3C64;Mr. Greene;c325000
51538976;Frank;c326000
343435CE;Oyvind;c327000
62245696;Sonny;c328000
0743EA2E;Groovalicious;c329000
3D25826E;Springs Girl;c330000
58423ED6;Granny Edna;c331000
B6ED8BC4;Mrs. Stone;c332000
D38A377C;Snack Lady;c333000
6AB2E0E1;Staff Member;c334000
0FD55C59;Doctor;c335000
E17AE94B;Nurse;c336000
841D55F3;Mr. Zen;c337000
D20D36AB;Police Officer;c338000
B76A8A13;Police Officer;c339000
2DF9A2DC;Station Agent;c340000
C35617CE;Joe Johnson;c343000
F1A6C9F9;Teacher;c346000
94C17541;School Janitor;c347000
F8B77E59;Shop Owner;c351000
1618CB4B;Staff;c352000
737F77F3;Owner;c353000
4415B5F2;Owner;c353100
CA47A06E;Staff;c354000
AF201CD6;Baker;c355000
418FA9C4;Owner;c356000
24E8157C;Landlord;c357000
65D90E65;Landlord;c357010
72F87624;Talisman Man;c358000
20F5089D;Det. Holdit;c359100
4DAA62A6;Mr. Ramsay;c360000
28CDDE1E;Staff;c361000
C6626B0C;Owner;c362000
1A3D0029;Mr. Goodman;c364000
7F5ABC91;Mister E;c365000
91F50983;Gus;c366000
FD83029B;Grandma;c370000
132CB789;Sporty Sue;c373000
AA146014;Old Woman;c374000
CF73DCAC;Moody Mary;c375000
21DC69BE;Diana Gately;c376000
44BBD506;Mr. Stickler;c377000
12ABB65E;Excel Ent;c378000
C2BBE70B;Shopkeep;c383000
7B833096;Shopkeep;c384000
952C8584;Grand Monk;c387000
C33CE6DC;Amy's Mom;c388000
A65B5A64;Bobby D.;c389000
AECDEC13;Man;c395000
30089B8C;Vicky Vixen;c401000
DEA72E9E;Vicky Vixen;c402000
BBC09226;Vicky Vixen;c403000
02F845BB;Vicky Vixen;c404000
679FF903;Vicky Vixen;c405000
89304C11;Vicky Vixen;c406000
505B5BF6;Station Agent;c421000
BEF4EEE4;Station Agent;c422000
DB93525C;Station Agent;c423000
62AB85C1;Station Agent;c424000
95C9A7C1;Percy Vere;c440000
D03DD0BC;Percy Vere;c440050
F0AE1B79;Teacher;c441000
1E01AE6B;Principal;c442000
7B6612D3;Music Teacher;c443000
C25EC54E;Librarian;c444000
A73979F6;Teacher;c445000
4996CCE4;Art Teacher;c446000
2CF1705C;Thomas;c447000
7AE11304;Circus Member;c448000
1F86AFBC;Circus Member;c449000
25E0C7FC;Carol;c450000
40877B44;Circus Member;c451000
AE28CE56;Staff;c452000
CB4F72EE;Staff;c453000
7277A573;Staff;c454000
171019CB;Staff Member;c455000
F9BFACD9;Staff;c456000
9CD81061;Bob;c457000
CAC87339;Sukiyaki Chef;c458000
AFAFCF81;Jude;c459000
F59A67BB;Paul;c460000
90FDDB03;Charlie;c461000
7E526E11;Police Officer;c462000
1B35D2A9;Sailor;c463000
A20D0534;Sailor;c464000
C76AB98C;Bike Shop Staff;c465000
29C50C9E;Staff;c466000
4CA2B026;Staff;c467000
1AB2D37E;Staff;c468000
7FD56FC6;Bike Shop Staff;c469000
45B30786;Staff;c470000
20D4BB3E;Marco;c471000
CE7B0E2C;Staff;c472000
AB1CB294;Roland;c473000
12246509;Young Man;c474000
7743D9B1;Young Man;c475000
99EC6CA3;Young Man;c476000
FC8BD01B;Young Man;c477000
AA9BB343;Young Man;c478000
CFFC0FFB;Candy;c479000
94245704;Cindy;c480000
F143EBBC;Marcy;c481000
1FEC5EAE;Francesca Stein;c482000
7A8BE216;Chef;c483000
C3B3358B;Hot Dog Seller;c484000
A6D48933;Margarita;c485000
487B3C21;Baker;c486000
2D1C8099;Fish Dealer;c487000
7B0CE3C1;Grocer;c488000
1E6B5F79;Staff;c489000
240D3739;Staff;c490000
416A8B81;Staff;c491000
AFC53E93;Morgan;c492000
CAA2822B;Jane;c493000
739A55B6;Assistant;c494000
16FDE90E;Miss Stickler;c495000
F8525C1C;Mr. Wonderful;c496000
9D35E0A4;Tempura Chef;c497000
CB2583FC;Toby;c498000
95DBC747;Employee;c501000
7B747255;Employee;c502000
1E13CEED;Employee;c503000
5F22D5F4;Young Man;c503010
A72B1970;Employee;c504000
C24CA5C8;Employee;c505000
2CE310DA;Employee;c506000
4984AC62;Staff;c507000
08B5B77B;Staff;c507010
1F94CF3A;Staff;c508000
7AF37382;Staff;c509000
3BC2689B;Man;c509010
40951BC2;Staff;c510000
01A400DB;Young Woman;c510010
25F2A77A;Staff;c511000
CB5D1268;Staff;c512000
AE3AAED0;Worker;c513000
1702794D;Worker;c514000
7265C5F5;Worker;c515000
9CCA70E7;Young Man;c516000
F9ADCC5F;Young Man;c517000
AFBDAF07;Man;c518000
EE8CB41E;Man;c518010
CADA13BF;Man;c519000
90EFBB85;Man;c520000
F588073D;Young Woman;c521000
1B27B22F;Young Woman;c522000
7E400E97;Young Woman;c523000
C778D90A;Woman;c524000
8649C213;Woman;c524010
451AEF38;Woman;c524020
A21F65B2;Woman;c525000
4CB0D0A0;High Schooler;c526000
29D76C18;High Schooler;c527000
7FC70F40;High Schooler;c528000
1AA0B3F8;High Schooler;c529000
20C6DBB8;Student;c530000
45A16700;Student;c531000
AB0ED212;Student;c532000
CE696EAA;Student;c533000
7751B937;Boy;c534000
1236058F;Boy;c535000
FC99B09D;Boy;c536000
99FE0C25;Girl;c537000
CFEE6F7D;Girl;c538000
AA89D3C5;Girl;c539000
301AFB0A;Old Man;c540000
79A139DB;Old Man;c540090
557D47B2;Old Woman;c541000
1CC68563;Old Woman;c541090
BBD2F2A0;Employee;c542000
DEB54E18;Young Man;c543000
678D9985;Young Man;c544000
02EA253D;Man;c545000
EC45902F;Young Woman;c546000
89222C97;Young Woman;c547000
DF324FCF;Employee;c548000
9E0354D6;Employee;c548010
BA55F377;Employee;c549000
FB64E86E;Employee;c549010
80339B37;Employee;c550000
C102802E;Employee;c550010
E554278F;Employee;c551000
A4653C96;Employee;c551010
673611BD;Staff;c551020
0BFB929D;Employee;c552000
4ACA8984;Employee;c552010
6E9C2E25;Woman;c553000
D7A4F9B8;Employee;c554000
B2C34500;Receptionist;c555000
5C6CF012;Receptionist;c556000
3BA953C1;Young Man;c601000
7A9848D8;Young Man;c601010
D506E6D3;Young Man;c602000
9437FDCA;Young Man;c602010
B0615A6B;Young Man;c603000
F1504172;Young Man;c603010
09598DF6;Young Woman;c604000
486896EF;Young Woman;c604010
6C3E314E;Young Woman;c605000
2D0F2A57;Young Woman;c605010
8291845C;Woman;c606000
C3A09F45;Woman;c606010
D481E704;Young Man;c609000
95B0FC1D;Young Man;c609010
EEE78F44;Young Woman;c610000
AFD6945D;Young Woman;c610010
00483A56;Student;c613000
4179214F;Student;c613010
B970EDCB;Student;c614000
F841F6D2;Student;c614010
DC175173;Student;c615000
9D264A6A;Student;c615010
3E9D2F03;Boy;c620000
7FAC341A;Boy;c620010
690A4D8C;Girl;c624000
283B5695;Girl;c624010
D1B59BC6;Man;c628000
B4D2277E;Woman;c629000
8EB44F3E;High Schooler;c630000
EBD3F386;High Schooler;c631000
601BFA2C;Young Man;c633000
212AE135;Theater Mgr.;c633010
D9232DB1;Young Man;c634000
981236A8;Young Man;c634010
378C98A3;Young Woman;c637000
76BD83BA;Young Woman;c637010
15A06626;Man;c642000
54917D3F;Man;c642010
2750B811;Old Man;c647000
142767F1;Old Woman;c649000
C0EEBAA3;Student;c653000
79D66D3E;Student;c654000
1CB1D186;Student;c655000
FE3BAFF6;Young Woman;c660000
9B5C134E;Man;c661000
CCCB71C1;Old Man;c665000
2264C4D3;Old Man;c666000
4703786B;Old Woman;c667000
11131B33;Old Woman;c668000
7474A78B;Boy;c669000
4E12CFCB;Girl;c670000
2B757373;Student;c671000
C5DAC661;Student;c672000
A0BD7AD9;Student;c673000
1985AD44;Student;c674000
7CE211FC;High Schooler;c675000
924DA4EE;High Schooler;c676000
F72A1856;Young Man;c677000
A13A7B0E;Young Man;c678000
C45DC7B6;Young Woman;c679000
9F859F49;Young Woman;c680000
FAE223F1;Man;c681000
144D96E3;Woman;c682000
712A2A5B;Man;c683000
AD75417E;Old Man;c685000
43DAF46C;Old Woman;c686000
9E7A0F0A;Old Woman;c701000
70D5BA18;Old Man;c702000
15B206A0;Young Man;c703000
AC8AD13D;Student;c704000
C9ED6D85;Student;c705000
2742D897;Young Woman;c706000
4225642F;Young Woman;c707000
14350777;Young Man;c708000
7152BBCF;Young Man;c709000
4B34D38F;Young Man;c710000
2E536F37;Young Woman;c711000
6F62742E;Staff;c711010
C0FCDA25;Young Woman;c712000
81CDC13C;Young Woman;c712010
A59B669D;Young Woman;c713000
1CA3B100;Young Man;c714000
5D92AA19;Staff;c714010
79C40DB8;Young Man;c715000
976BB8AA;Young Man;c716000
F20C0412;Young Woman;c717000
A41C674A;Young Woman;c718000
C17BDBF2;Young Woman;c719000
9B4E73C8;Employee;c720000
FE29CF70;Employee;c721000
10867A62;Employee;c722000
75E1C6DA;Employee;c723000
CCD91147;Employee;c724000
A9BEADFF;Employee;c725000
471118ED;Man;c726000
2276A455;Man;c727000
7466C70D;Young Man;c728000
11017BB5;Woman;c729000
2B6713F5;Woman;c730000
4E00AF4D;Young Woman;c731000
A0AF1A5F;Man;c732000
C5C8A6E7;Man;c733000
7CF0717A;Man;c734000
1997CDC2;Woman;c735000
F73878D0;Woman;c736000
925FC468;Woman;c737000
C44FA730;Student;c738000
A1281B88;Student;c739000
3BBB3347;Student;c740000
5EDC8FFF;Student;c741000
B0733AED;Student;c742000
D5148655;Student;c743000
6C2C51C8;Student;c744000
094BED70;Student;c745000
E7E45862;Student;c746000
8283E4DA;Student;c747000
D4938782;Student;c748000
B1F43B3A;Student;c749000
8B92537A;Boy;c750000
EEF5EFC2;Boy;c751000
005A5AD0;Boy;c752000
653DE668;Girl;c753000
DC0531F5;Girl;c754000
B9628D4D;Girl;c755000
57CD385F;Old Man;c756000
32AA84E7;Old Man;c757000
64BAE7BF;Old Woman;c758000
258BFCA6;Old Woman;c758010
01DD5B07;Old Woman;c759000
5BE8F33D;Staff;c760000
3E8F4F85;Staff;c761000
D020FA97;Staff;c762000
B547462F;Staff;c763000
0C7F91B2;Staff;c764000
69182D0A;Young Man;c765000
87B79818;Young Man;c766000
E2D024A0;Young Woman;c767000
B4C047F8;Young Woman;c768000
D1A7FB40;Man;c769000
9096E059;Man;c769010
EBC19300;Woman;c770000
8EA62FB8;Old Man;c771000
60099AAA;Old Woman;c772000
056E2612;Boy;c773000
BC56F18F;Girl;c774000
D9314D37;Old Man;c775000
379EF825;Old Man;c776000
52F9449D;Old Man;c777000
3A56C382;Young Man;c780000
5F317F3A;Young Man;c781000
B19ECA28;Old Woman;c782000
D4F97690;Old Woman;c783000
6DC1A10D;Man;c784000
2CF0BA14;Man;c784010
EFA3973F;Man;c784020
4BC859FB;Austin;c801000
A567ECE9;Wyatt;c802000
C0005051;Clint;c803000
793887CC;Cody;c804000
1C5F3B74;Clifford;c805000
F2F08E66;Floyd;c806000
979732DE;Bobby;c807000
C1875186;Robert;c808000
A4E0ED3E;Clayton;c809000
9E86857E;Lyle;c810000
FBE139C6;Sue Ellen;c811000
154E8CD4;Brianna;c812000
7029306C;Mary-Lou;c813000
C911E7F1;Pam;c814000
AC765B49;Bonnie;c815000
42D9EE5B;Dallas;c816000
27BE52E3;Jacinta;c817000
71AE31BB;Belle;c818000
14C98D03;Alyssa;c819000
4EFC2539;Jolene;c820000
9BB2F9BC;Jessica;c831000
751D4CAE;Isabel;c832000
107AF016;Jordan;c833000
A942278B;Chloe;c834000
CC259B33;Lily;c835000
228A2E21;Brandon;c836000
47ED9299;Ethan;c837000
11FDF1C1;Jack;c838000
749A4D79;Leslie;c839000
EE0965B6;Adam;c840000
8B6ED90E;Megan;c841000
65C16C1C;Eric;c842000
00A6D0A4;Julian;c843000
B99E0739;Brooke;c844000
DCF9BB81;Angela;c845000
32560E93;Jake;c846000
5731B22B;Ryan;c847000
0121D173;Ashley;c848000
64466DCB;Brian;c849000
5E20058B;Logan;c850000
3B47B933;Dylan;c851000
D5E80C21;Sydney;c852000
B08FB099;Kaitlyn;c853000
09B76704;Teacher;c854000
EE1B0530;Dog;c901000
AF2A1E29;Dog;c901010
65D30C9A;Dog;c903000
24E21783;Dog;c903010
DCEBDB07;Dog;c904000
9DDAC01E;Dog;c904010
32446E15;Chicken;c907000
64540D4D;Chick;c908000
B09DD01F;Crow;c912000
D5FA6CA7;Unamed;c913000
94CB77BE;Unamed;c913010
09A50782;Unamed;c915000
8E48C54A;Cow;c921000
60E77058;Pig;c922000
D9DFA7C5;Horse;c925000
98EEBCDC;Horse;c925010
5BBD91F7;Horse;c925020
1A8C8AEE;Horse;c925030
9E94E5F8;Dog;c951000
DFA5FEE1;Dog;c951010
703B50EA;Cat;c952000
310A4BF3;Cat;c952010
F25966D8;Milky;c952020
155CEC52;Chicken;c953000
C9038777;Unamed;c955000
27AC3265;Unamed;c956000
4EEE45BF;Heron;c961000
A041F0AD;Unamed;c962000
C5264C15;Golden Chick;c963000
7C1E9B88;Chocobo;c964000
19792730;Unamed;c965000
F7D69222;Tiger;c966000
FEC72582;Cat;c971000
9F79153D;Unamed;c991000
A874ADD2;Unamed;1?001000
E945B6CB;Unamed;1?001010
2A169BE0;Unamed;1?001020
6B2780F9;Unamed;1?001030
ACB1C1B6;Unamed;1?001040
46DB18C0;Unamed;1?002000
07EA03D9;Unamed;1?002010
C4B92EF2;Unamed;1?002020
858835EB;Unamed;1?002030
421E74A4;Unamed;1?002040
032F6FBD;Unamed;1?002050
23BCA478;Unamed;1?003000
9A8473E5;Unamed;1?004000
DBB568FC;Unamed;1?004010
FFE3CF5D;Unamed;1?005000
BED2D444;Unamed;1?005010
7D81F96F;Unamed;1?005020
114C7A4F;Unamed;1?006000
507D6156;Unamed;1?006010
932E4C7D;Unamed;1?006020
742BC6F7;Unamed;1?007000
351ADDEE;Unamed;1?007010
F649F0C5;Unamed;1?007020
223BA5AF;Unamed;1?008000
475C1917;Unamed;1?009000
7D3A7157;Unamed;1?010000
9395C445;Unamed;1?013000
D2A4DF5C;Unamed;1?013010
11F7F277;Unamed;1?013020
2AAD13D8;Unamed;1?014000
6B9C08C1;Unamed;1?014010
4FCAAF60;Unamed;1?015000
A1651A72;Unamed;1?016000
BE363C49;Unamed;1?401000
E9A15EC6;Unamed;1?405000
070EEBD4;Unamed;1?406000
6269576C;Unamed;1?407000
0E1F5C74;Unamed;1?411000
E0B0E966;Unamed;1?412000
1BE56082;Unamed;1?501000
F54AD590;Unamed;1?502000
902D6928;Unamed;1?503000
2915BEB5;Unamed;1?504000
4C72020D;Unamed;1?505000
6B6A804A;Unamed;1?551000
85C53558;Unamed;1?552000
E0A289E0;Unamed;1?553000
599A5E7D;Unamed;1?554000
B3C91FB5;Unamed;8?001060
F2F804AC;Unamed;8?001070
3DE49C2B;Unamed;8?001080
5BA83116;Unamed;8?200000
464B68C0;Unamed;8?400000
232CD478;Pony;8?401000
621DCF61;Pony;8?401010
A14EE24A;Pony;8?401020
E07FF953;Pony;8?401030
90BD1928;Unamed;8?101000
1F86C827;Unamed;8?101900
86BACFA1;Unamed;2?002000
FF2498C9;Unamed;2?045000
118B2DDB;Unamed;2?046000
75F62365;Unamed;2?601000
9ADE97A0;Unamed;2?609000
1980287D;Unamed;2?617000
4F904B25;Unamed;2?618000
2AF7F79D;Unamed;2?619000
9B599677;Unamed;2?602000
A58C8322;Unamed;2?631000
E2D5A199;Unamed;2?704000
87B21D21;Unamed;2?705000
EA4317EE;Unamed;2?718000
8F24AB56;Unamed;2?719000
B076BFD4;Unamed;2?721000
6C29D4F1;Unamed;2?727000
4B3156B6;Unamed;2?773000
E7E1DD5B;Unamed;2?725000
094E6849;Unamed;2?726000
005FDFE9;Unamed;2?731000
EEF06AFB;Unamed;2?732000
8B97D643;Unamed;2?733000
4706FD52;Unamed;2?604000
226141EA;Unamed;2?605000
CCCEF4F8;Unamed;2?606000
D50363EA;Unamed;2?661000
0ED80BE0;Unamed;2?451000
C4DC596F;Unamed;2?881000
2A73EC7D;Unamed;2?882000
4F1450C5;Unamed;2?883000
F62C8758;Unamed;2?884000
934B3BE0;Unamed;2?885000
7DE48EF2;Unamed;2?886000
5CDDA3D6;Unamed;4?001000
577C6B9B;Unamed;4?201000
B9D3DE89;Unamed;4?202000
DCB46231;Unamed;4?203000
658CB5AC;Unamed;4?204000
00EB0914;Unamed;4?205000
EE44BC06;Unamed;4?206000
8B2300BE;Unamed;4?207000
DD3363E6;Unamed;4?208000
B854DF5E;Unamed;4?209000
8232B71E;Unamed;4?210000
E7550BA6;Unamed;4?211000
09FABEB4;Unamed;4?212000
6C9D020C;Unamed;4?213000
D5A5D591;Unamed;4?214000
5E6DDC3B;Unamed;4?216000
3B0A6083;Unamed;4?217000
6D1A03DB;Unamed;4?218000
087DBF63;Unamed;4?219000
52481759;Unamed;4?220000
372FABE1;Unamed;4?221000
D9801EF3;Unamed;4?222000
BCE7A24B;Unamed;4?223000
05DF75D6;Unamed;4?224000
60B8C96E;Unamed;4?225000
8E177C7C;Unamed;4?226000
EB70C0C4;Unamed;4?227000
BD60A39C;Unamed;4?228000
D8071F24;Unamed;4?229000
E2617764;Unamed;4?230000
8706CBDC;Unamed;4?231000
69A97ECE;Unamed;4?232000
B5F615EB;Unamed;4?234000
D091A953;Unamed;4?235000
3E3E1C41;Unamed;4?236000
5B59A0F9;Unamed;4?237000
682E7F19;Unamed;4?239000
F2BD57D6;Unamed;4?240000
79755E7C;Unamed;4?242000
A52A3559;Unamed;4?244000
4B85804B;Unamed;4?247000
1D95E313;Unamed;4?248000
78F25FAB;Unamed;4?249000
27F38B53;Unamed;4?251000
C95C3E41;Unamed;4?252000
7064E9DC;Unamed;4?255000
9ECB5CCE;Unamed;4?256000
FBACE076;Unamed;4?257000
ADBC832E;Unamed;4?258000
B0C26929;Unamed;4?215000
0CCEC276;Unamed;4?233000
0D49C3A1;Unamed;4?238000
97DAEB6E;Unamed;4?241000
1C12E2C4;Unamed;4?243000
C04D89E1;Unamed;4?245000
2EE23CF3;Unamed;4?246000
429437EB;Unamed;4?250000
AC3B82F9;Unamed;4?253000
15035564;Unamed;4?254000
EF4C6E86;Unamed;4?501000
01E3DB94;Unamed;4?502000
6484672C;Unamed;4?503000
DDBCB0B1;Unamed;4?504000
B8DB0C09;Unamed;4?505000
5674B91B;Unamed;4?506000
331305A3;Unamed;4?507000
650366FB;Unamed;4?508000
0064DA43;Unamed;4?509000
3A02B203;Unamed;4?510000
5F650EBB;Unamed;4?511000
B1CABBA9;Unamed;4?512000
6D95D08C;Unamed;4?514000
08F26C34;Unamed;4?515000
E65DD926;Unamed;4?516000
833A659E;Unamed;4?517000
D52A06C6;Unamed;4?518000
B04DBA7E;Unamed;4?519000
EA781244;Unamed;4?520000
8F1FAEFC;Unamed;4?521000
61B01BEE;Unamed;4?522000
04D7A756;Unamed;4?523000
BDEF70CB;Unamed;4?524000
D888CC73;Unamed;4?525000
36277961;Unamed;4?526000
5340C5D9;Unamed;4?527000
0550A681;Unamed;4?528000
60371A39;Unamed;4?529000
5A517279;Unamed;4?530000
3F36CEC1;Unamed;4?531000
D1997BD3;Unamed;4?532000
B4FEC76B;Unamed;4?533000
0DC610F6;Unamed;4?534000
68A1AC4E;Unamed;4?535000
860E195C;Unamed;4?536000
E369A5E4;Unamed;4?537000
B579C6BC;Unamed;4?538000
D01E7A04;Unamed;4?539000
C1455B61;Unamed;4?542000
A422E7D9;Unamed;4?543000
1D1A3044;Unamed;4?544000
787D8CFC;Unamed;4?545000
96D239EE;Unamed;4?546000
F3B58556;Unamed;4?547000
A5A5E60E;Unamed;4?548000
C0C25AB6;Unamed;4?549000
FAA432F6;Unamed;4?550000
9FC38E4E;Unamed;4?551000
716C3B5C;Unamed;4?552000
140B87E4;Unamed;4?553000
AD335079;Unamed;4?554000
D4AD0711;Unamed;4?513000
4A8D52CB;Unamed;4?540000
2FEAEE73;Unamed;4?541000
93E6452C;Unamed;4?567000
7D49F03E;Unamed;4?564000
F681F994;Unamed;4?566000
C47127A3;Unamed;4?563000
182E4C86;Unamed;4?565000
A1169B1B;Unamed;4?562000
4FB92E09;Unamed;4?561000
C5F62674;Unamed;4?568000
A0919ACC;Unamed;4?569000
7B313547;Unamed;3?001000
959E8055;Unamed;3?002000
F0F93CED;Unamed;3?003000
49C1EB70;Unamed;3?004000
2CA657C8;Unamed;3?005000
C209E2DA;Unamed;3?006000
F17E3D3A;Unamed;3?008000
AE7FE9C2;Unamed;3?010000
CB18557A;Unamed;3?011000
25B7E068;Unamed;3?012000
40D05CD0;Unamed;3?013000
F9E88B4D;Unamed;3?014000
722082E7;Unamed;3?016000
17473E5F;Unamed;3?017000
41575D07;Unamed;3?018000
2430E1BF;Unamed;3?019000
7E054985;Unamed;3?020000
90AAFC97;Unamed;3?023000
A25A22A0;Unamed;3?026000
912DFD40;Unamed;3?028000
F44A41F8;Unamed;3?029000
CE2C29B8;Unamed;3?030000
20839CAA;Unamed;3?033000
FCDCF78F;Unamed;3?035000
1273429D;Unamed;3?036000
7714FE25;Unamed;3?037000
21049D7D;Unamed;3?038000
DEF0090A;Unamed;3?040000
BB97B5B2;Unamed;3?041000
553800A0;Unamed;3?042000
305FBC18;Unamed;3?043000
0BBED58F;Unamed;3?051000
4B1CAC2D;Unamed;z051000
6BED15F5;Unamed;3?071000
8542A0E7;Unamed;3?072000
591DCBC2;Unamed;3?074000
3C7A777A;Unamed;3?075000
DEE2698C;Unamed;3?101000
304DDC9E;Unamed;3?102000
552A6026;Unamed;3?103000
EC12B7BB;Unamed;3?104000
89750B03;Unamed;3?105000
67DABE11;Unamed;3?106000
02BD02A9;Unamed;3?107000
54AD61F1;Unamed;3?108000
31CADD49;Unamed;3?109000
0BACB509;Unamed;3?110000
6ECB09B1;Unamed;3?111000
8064BCA3;Unamed;3?112000
E503001B;Unamed;3?113000
5C3BD786;Unamed;3?114000
395C6B3E;Unamed;3?115000
D7F3DE2C;Unamed;3?116000
B2946294;Unamed;3?117000
E48401CC;Unamed;3?118000
81E3BD74;Unamed;3?119000
DBD6154E;Unamed;3?120000
BEB1A9F6;Unamed;3?121000
501E1CE4;Unamed;3?122000
3579A05C;Unamed;3?123000
8C4177C1;Unamed;3?124000
E926CB79;Unamed;3?125000
07897E6B;Unamed;3?126000
62EEC2D3;Unamed;3?127000
34FEA18B;Unamed;3?128000
51991D33;Unamed;3?129000
6BFF7573;Unamed;3?130000
0E98C9CB;Unamed;3?131000
E0377CD9;Unamed;3?132000
8550C061;Unamed;3?133000
3C6817FC;Unamed;3?134000
590FAB44;Unamed;3?135000
B7A01E56;Unamed;3?136000
D2C7A2EE;Unamed;3?137000
84D7C1B6;Unamed;3?138000
E1B07D0E;Unamed;3?139000
7B2355C1;Myst. Entrance;3?140000
1E44E979;Unamed;3?141000
8D1B07EC;Unamed;2?202000
E87CBB54;Unamed;2?203000
8C9C063B;Unamed;2?209000
B6FA6E7B;Unamed;2?210000
D39DD2C3;Unamed;2?211000
3D3267D1;Unamed;2?212000
5855DB69;Unamed;2?213000
E16D0CF4;Unamed;2?214000
840AB04C;Unamed;2?215000
6AA5055E;Unamed;2?216000
0FC2B9E6;Unamed;2?217000
03E77284;Unamed;2?221000
ED48C796;Unamed;2?222000
882F7B2E;Unamed;2?223000
3117ACB3;Unamed;2?224000
5470100B;Unamed;2?225000
BADFA519;Unamed;2?226000
DFB819A1;Unamed;2?227000
89A87AF9;Unamed;2?228000
ECCFC641;Unamed;2?229000
B3CE12B9;Unamed;2?231000
5D61A7AB;Unamed;2?232000
38061B13;Unamed;2?233000
813ECC8E;Unamed;2?234000
E4597036;Unamed;2?235000
0AF6C524;Unamed;2?236000
6F91799C;Unamed;2?237000
39811AC4;Unamed;2?238000
A312320B;Unamed;2?241000
A2FFC2CE;Unamed;2?281000
CE7E8B15;Unamed;2?411000
20D13E07;Unamed;2?412000
45B682BF;Unamed;2?413000
FC8E5522;Unamed;2?414000
99E9E99A;Unamed;2?415000
77465C88;Unamed;2?416000
1221E030;Unamed;2?417000
44318368;Unamed;2?418000
21563FD0;Unamed;2?419000
7B6397EA;Unamed;2?420000
1E042B52;Unamed;2?421000
4E174AF2;Unamed;2?613000
F72F9D6F;Unamed;2?614000
924821D7;Unamed;2?615000
E1CE3FB6;Unamed;x602000
A689A4D4;Whisper;y001000
482611C6;Whisper;y002000
1ED8B7DA;Whispocrates;y001800
035AF81F;Pandle;y101000
B126751B;Pandull;y101600
EDF54D0D;Undy;y102000
ACC45614;Tanbo;y102010
8892F1B5;D'wanna;y103000
31AA2628;N'more;y104000
709B3D31;Q'wit;y104010
54CD9A90;Mochismo;y105000
15FC8189;Minochi;y105010
E6B11794;Mochisless;y105600
BA622F82;Cutta-nah;y106000
DF05933A;Cutta-nah-nah;y107000
9E348823;Slacka-slash;y107010
8915F062;Chansin;y108000
3B697D66;Chaninverse;y108600
EC724CDA;Sheen;y109000
AD4357C3;Gleam;y109010
5E0EC1DE;Shin;y109600
D614249A;Snee;y110000
B3739822;Helmsman;y111000
5DDC2D30;Reuknight;y112000
1CED3629;Corptain;y112010
EFA0A034;Fi-knight;y112600
38BB9188;Blazion;y113000
798A8A91;Quaken;y113010
BAD9A7BA;Siro;y113020
8AC71C8C;Blazioff;y113600
81834615;Beetler;y114000
33FFCB11;Cheatler;y114600
E4E4FAAD;Beetall;y115000
A5D5E1B4;Cruncha;y115010
0A4B4FBF;Benkei;y116000
4B7A54A6;B3-NK1;y116010
6F2CF307;Zerberker;y117000
2E1DE81E;Snartle;y117010
DD507E03;Zeroberker;y117600
393C905F;Snotsolong;y118000
780D8B46;Duchoo;y118010
5C5B2CE7;Espy;y119000
1D6A37FE;Infour;y119010
EE27A1E3;Falspy;y119600
066E84DD;Wazzat;y120000
475F9FC4;Dummkap;y120010
B41209D9;Recap;y120600
63093865;Lafalotta;y121000
2238237C;Blips;y121010
8DA68D77;Sushiyama;y122000
CC97966E;Kapunki;y122010
3FDA0073;Sushinoma;y122600
E8C131CF;Cupistol;y123000
5ABDBCCB;Impistol;y123600
51F9E652;Casanuva;y124000
10C8FD4B;Casanono;y124010
349E5AEA;Tattletell;y125000
75AF41F3;Skranny;y125010
86E2D7EE;Tattletwin;y125600
DA31EFF8;Tattlecast;y126000
BF565340;Baku;y127000
FE674859;Whapir;y127010
E9463018;Signibble;y128000
8C218CA0;Signiton;y129000
CD1097B9;Statiking;y129010
B647E4E0;Mirapo;y130000
F776FFF9;Mircle;y130010
D3205858;Illoo;y131000
92114341;Elloo;y131010
51426E6A;Alloo;y131020
615CD55C;Illow;y131600
3D8FED4A;Frostina;y132000
8FF3604E;Falsina;y132600
58E851F2;Blizzaria;y133000
E0B942FC;Blizzie;y133800
19D94AEB;Damona;y133010
E1D0866F;Kyubi;y134000
A0E19D76;Frostail;y134010
63B2B05D;Darkyubi;y134020
84B73AD7;Dulluma;y135000
6A188FC5;Darumacho;y136000
2B2994DC;Goruma;y136010
0F7F337D;Coughkoff;y137000
4E4E2864;Hurchin;y137010
596F5025;Dazzabel;y138000
EB13DD21;Dullabel;y138600
3C08EC9D;Rattelle;y139000
7D39F784;Skelebella;y139010
A69BC452;Noway;y140000
C3FC78EA;Impass;y141000
82CD63F3;Walldin;y141010
2D53CDF8;Blowkade;y142000
6C62D6E1;Ledballoon;y142010
48347140;Armsman;y143000
F10CA6DD;Mad Mountain;y144000
B03DBDC4;Lava Lord;y144010
946B1A65;Rhinoggin;y145000
26179761;Rhinopposite;y145600
7AC4AF77;Rhinormous;y146000
3BF5B46E;Hornaplenty;y146010
1FA313CF;Castelius I;y147000
5E9208D6;Castelius III;y147010
9DC125FD;Castelius II;y147020
DCF03EE4;Castelius Max;y147030
ADDF9ECB;Castelilose;y147600
49B37097;Dromp;y148000
08826B8E;Swosh;y148010
2CD4CC2F;Cadin;y149000
9EA8412B;Cadout;y149600
16B2A46F;Cadable;y150000
5783BF76;Singcada;y150010
73D518D7;Buhu;y151000
32E403CE;Flumpy;y151010
F1B72EE5;Skreek;y151020
C1A995D3;Buher;y151600
9D7AADC5;Jibanyan;y152000
2F0620C1;Doppelnyan;y152600
12417CCA;Jibanyan S;y152900
F81D117D;Thornyan;y153000
4125C6E0;Baddinyan;y154000
24427A58;Robonyan;y155000
65736141;Goldenyan;y155010
CAEDCF4A;Dianyan;y156000
8BDCD453;Sapphinyan;y156010
488FF978;Emenyan;y156020
09BEE261;Rubinyan;y156030
CE28A32E;Topanyan;y156040
AF8A73F2;Walkappa;y157000
1DF6FEF6;Watkappa;y157600
F99A10AA;Appak;y158000
B8AB0BB3;Supyo;y158010
4BE69DAE;Pakka;y158600
9CFDAC12;Komasan;y159000
DDCCB70B;Komajiro;y159010
4055A515;KJ;y159400
2E812116;Komasham;y159600
13C67D1D;Komasan S;y159900
52F76604;Komajiro S;y159910
C6C80428;Komane;y160000
44AA321A;Komiger;y160020
74B4892C;Koshame;y160600
A3AFB890;Daiz;y161000
E29EA389;Confuze;y161010
11D33594;Daizn't;y161600
4D000D82;Pupsicle;y162000
2867B13A;Chilhuahua;y163000
6956AA23;Swelterrier;y163010
9A1B3C3E;Fussky;y163600
915F66A7;Fidgephant;y164000
D06E7DBE;Touphant;y164010
F438DA1F;Rollen;y165000
B509C106;Dubbles;y165010
1A976F0D;Tengu;y166000
5BA67414;Flengu;y166010
A8EBE209;Zerogu;y166600
7FF0D3B5;Hungramps;y167000
3EC1C8AC;Grainpa;y167010
CD8C5EB1;Fullgramps;y167600
29E0B0ED;Hungorge;y168000
4C870C55;Manjimutt;y169000
FEFB8151;Manjimitate;y169600
76E16415;Multimutt;y170000
37D07F0C;Sir Berus;y170010
1386D8AD;Heheheel;y171000
52B7C3B4;Croonger;y171010
91E4EE9F;Urnaconda;y171020
A1FA55A9;Conger;y171600
FD296DBF;Enerfly;y172000
BC1876A6;Enefly;y172010
4F55E0BB;Enofly;y172600
984ED107;Betterfly;y173000
D97FCA1E;Peppillon;y173010
2176069A;Wiglin;y174000
60471D83;Steppa;y174010
A31430A8;Rhyth;y174020
930A8B9E;Trippa;y174600
4411BA22;Shmoopie;y175000
F66D3726;Whoopie;y175600
AABE0F30;Pinkipoo;y176000
EB8F1429;Pookivil;y176010
CFD9B388;Happierre;y177000
99C9D0D0;Reversa;y178000
D8F8CBC9;Reversette;y178010
FCAE6C68;Ol' Saint Trick;y179000
BD9F7771;Ol' Fortune;y179010
4ED2E16C;Ol' Slap Stick;y179600
A7763497;Mama Aura;y180000
E6472F8E;Auntie Heart;y180010
C211882F;Papa Bolt;y181000
83209336;Uncle Infinite;y181010
706D052B;Papa Dolt;y181600
2CBE3D3D;Ake;y182000
49D98185;Payn;y183000
08E89A9C;Agon;y183010
F0E15618;Negatibuzz;y184000
429DDB1C;Negatibuzz-kill;y184600
9586EAA0;Moskevil;y185000
D4B7F1B9;Scritchy;y185010
7B295FB2;Leadoni;y186000
3A1844AB;Mynimo;y186010
1E4EE30A;Peckpocket;y187000
5F7FF813;Rockabelly;y187010
485E8052;Chatalie;y188000
096F9B4B;Nagatha;y188010
2D393CEA;Roughraff;y189000
9F45B1EE;Roughraffony;y189600
175F54AA;Badude;y190000
953D6298;Bruff;y190020
7238E812;Negasus;y191000
3309F30B;Neighfarious;y191010
C0446516;Bogusus;y191600
9C975D00;Grumples;y192000
2EEBD004;Grimples;y192600
F9F0E1B8;Everfore;y193000
B8C1FAA1;Eterna;y193010
4B8C6CBC;Neverfore;y193600
40C83625;Cheeksqueek;y194000
01F92D3C;Cuttincheez;y194010
25AF8A9D;Compunzer;y195000
649E9184;Lamedian;y195010
97D30799;Blamedian;y195600
CB003F8F;Insomni;y196000
8A312496;Sandi;y196010
797CB28B;Apni;y196600
AE678337;Dimmy;y197000
F877E06F;Blandon;y198000
B946FB76;Nul;y198010
9D105CD7;Droplette;y199000
DC2147CE;Slush;y199010
1F726AE5;Gush;y199020
C84FD021;Drizzle;y200000
897ECB38;Alhail;y200010
AD286C99;Dismarelda;y201000
4387D98B;Wantston;y202000
02B6C292;Grubsnitch;y202010
26E06533;Hidabat;y203000
9FD8B2AE;Abodabat;y204000
DEE9A9B7;Belfree;y204010
FABF0E16;Lodo;y205000
BB8E150F;Chippa;y205010
48C38312;Lodon't;y205600
1410BB04;Tengloom;y206000
5521A01D;Nird;y206010
A66C3600;Fouwl;y206600
717707BC;Suspicioni;y207000
30461CA5;Tantroni;y207010
F315318E;Contrarioni;y207020
276764E4;Timidevil;y208000
951BE9E0;Mimicevil;y208600
4200D85C;Beelzebold;y209000
0331C345;Count Cavity;y209010
7866B01C;Greesel;y210000
3957AB05;Awevil;y210010
CA1A3D18;Geezel;y210600
1D010CA4;Noko;y211000
5C3017BD;Pandanoko;y211010
AF7D81A0;Nogo;y211600
F3AEB9B6;Bloominoko;y212000
96C9050E;Draggie;y213000
24B5880A;Shaggie;y213600
2FF1D293;Dragon Lord;y214000
6EC0C98A;Azure Dragon;y214010
4A966E2B;Fishpicable;y215000
A439DB39;Rageon;y216000
E508C020;Tunatic;y216010
C15E6781;Chummer;y217000
806F7C98;Shrook;y217010
7322EA85;Mummer;y217600
974E04D9;Spenp;y218000
D67F1FC0;Almi;y218010
253289DD;Sdend;y218600
F229B861;Babblong;y219000
B318A378;Bananose;y219010
A81C105B;Copperled;y220000
E92D0B42;Slitheref;y220010
1A609D5F;Copyled;y220600
2A7E2669;Cynake;y220020
CD7BACE3;Venoct;y221000
8C4AB7FA;Shadow Venoct;y221010
4F199AD1;Illuminoct;y221020
23D419F1;Shogunyan;y222000
46B3A549;Komashura;y223000
FF8B72D4;Dandoodle;y224000
9AECCE6C;Elder Bloom;y225000
74437B7E;Gilgaros;y226000
7D52CCDE;Lie-in;y231000
93FD79CC;Brushido;y232000
F69AC574;Hissfit;y233000
4FA212E9;Slicenrice;y234000
2AC5AE51;Tublappa;y235000
98B92355;Sublappa;y235600
C46A1B43;Hovernyan;y236000
4B51CA4C;Hovernyan S;y236900
A10DA7FB;Mudmunch;y237000
13712AFF;Sud Munch;y237600
F71DC4A3;Sgt. Burly;y238000
4F4CD7AD;Sgt. Burly;y238800
0AB8A0D0;Sgt. Burly;y238850
927A781B;Washogun;y239000
08E950D4;Lie-in Heart;y240000
6D8EEC6C;Flamurice;y241000
8321597E;Demuncher;y242000
C2104267;Devourer;y242010
E646E5C6;Brokenbrella;y243000
5F7E325B;Smogling;y244000
ED02BF5F;Wutring;y244600
3A198EE3;So-Sorree;y245000
D4B63BF1;Mimikin;y246000
B1D18749;Failian;y247000
E7C1E411;Houzzat;y248000
82A658A9;Smogmella;y249000
30DAD5AD;Nagmella;y249600
B8C030E9;Master Oden;y250000
DDA78C51;Bowminos;y251000
33083943;Miradox;y252000
566F85FB;Chymera;y253000
175E9EE2;Kingmera;y253010
EF575266;Terrorpotta;y254000
8A30EEDE;Wotchagot;y255000
649F5BCC;Swelton;y256000
01F8E774;Zappary;y257000
57E8842C;No-Go Kart;y258000
328F3894;Gimme;y259000
68BA90AE;Pride Shrimp;y260000
0DDD2C16;Mistank;y261000
E3729904;Eyesoar;y262000
A243821D;Eyellure;y262010
510E1400;Blabeye;y262600
861525BC;Carniboy;y263000
3F2DF221;Frazzel;y264000
5A4A4E99;Enduriphant;y265000
B4E5FB8B;Toadal Dude;y266000
F5D4E092;Uber Geeko;y266010
D1824733;Faysoff;y267000
63FECA37;Faykoff;y267600
8792246B;Boyclops;y268000
35EEA96F;Eyeclops;y268600
E2F598D3;Leggly;y269000
D893F093;Nekidspeed;y270000
BDF44C2B;Drizzelda;y271000
535BF939;Jumbelina;y272000
363C4581;Bakulia;y273000
8F04921C;Faux Kappa;y274000
CE358905;Tigappa;y274010
3D781F18;Kappeasy;y274600
EA632EA4;Master Nyada;y275000
04CC9BB6;Tongus;y276000
61AB270E;Pallysol;y277000
D3D7AA0A;Follysol;y277600
37BB4456;Sandmeh;y278000
52DCF8EE;DON-CHAN;y279000
0904A011;Predictabull;y280000
BB782D15;Unbelievabull;y280600
6C631CA9;Gnomey;y281000
DE1F91AD;No Me;y281600
82CCA9BB;Ray O'Light;y282000
E7AB1503;Kelpacabana;y283000
5E93C29E;Nurse Tongus;y284000
3BF47E26;Mr. Sandmeh;y285000
D55BCB34;Scarasol;y286000
B03C778C;High Gnomey;y287000
E62C14D4;Supoor Hero;y288000
834BA86C;Smashibull;y289000
B92DC02C;Kyryn;y290000
F81CDB35;Unikirin;y290010
DC4A7C94;Pittapatt;y291000
6E36F190;Floppaflip;y291600
32E5C986;Wydeawake;y292000
5782753E;Yoink;y293000
EEBAA2A3;Herbiboy;y294000
8BDD1E1B;K'mon-K'mon;y295000
6572AB09;Yoodooit;y296000
001517B1;Count Zapaway;y297000
560574E9;Slimamander;y298000
3362C851;Snobetty;y299000
6D9C8CEA;Dracunyan;y300000
08FB3052;Allnyta;y301000
E6548540;Wobblewok;y302000
833339F8;Furgus;y303000
314FB4FC;Fake-gus;y303600
3A0BEE65;Nosirs;y304000
0D612C64;Yessir;y304100
54DF6A66;Yessir;y304200
63B5A867;Yessir;y304300
5F6C52DD;Papa Windbag;y305000
B1C3E7CF;Toiletta;y306000
D4A45B77;Ben Tover;y307000
82B4382F;Robbinyu;y308000
E7D38497;Sproink;y309000
DDB5ECD7;Rawry;y310000
B8D2506F;Furdinand;y311000
0AAEDD6B;Fake-inand;y311600
567DE57D;Foiletta;y312000
331A59C5;Arachnus;y313000
722B42DC;Arachnia;y313010
8A228E58;Harry Barry;y314000
EF4532E0;Cricky;y315000
01EA87F2;Snaggly;y316000
648D3B4A;Squeeky;y317000
329D5812;Flushback;y318000
57FAE4AA;SV Snaggerjag;y319000
0DCF4C90;Irewig;y320000
68A8F028;Mermaidyn;y321000
DAD47D2C;Malmaiden;y321600
8607453A;Lady Longnek;y322000
347BC83E;Strongnek;y322600
E360F982;Draaagin;y323000
5A582E1F;Firewig;y324000
3F3F92A7;Vacuumory;y325000
D19027B5;Whinona;y326000
B4F79B0D;Mermadonna;y327000
F5C68014;Mermother;y327010
878044ED;Spoilerina;y329000
BDE62CAD;Poofessor;y330000
D8819015;Slurpent;y331000
362E2507;Flicker;y332000
534999BF;Loiter;y333000
EA714E22;Schemer;y334000
8F16F29A;Unfairy;y335000
61B94788;Unkaind;y336000
04DEFB30;Untidy;y337000
52CE9868;Unpleasant;y338000
37A924D0;Unkeen;y339000
AD3A0C1F;Tyrat;y340000
C85DB0A7;Apelican;y341000
26F205B5;Darknyan;y342000
4395B90D;Buchinyan;y343000
FAAD6E90;Verygoodsir;y344000
9FCAD228;Robonyan F;y345000
7165673A;Sailornyan;y346000
1402DB82;Machonyan;y347000
4212B8DA;Jibakoma;y348000
27750462;Jetnyan;y349000
1D136C22;Wondernyan;y350000
7874D09A;Steve Jaws;y351000
4F1E129B;Steve Jaws;y351100
0E2F0982;Steve Jaws;y351110
96DB6588;Directator;y352000
F3BCD930;Snottle;y353000
4A840EAD;Moximous N;y354000
2FE3B215;Moximous K;y355000
A42BBBBF;Strangineer;y357000
CD69CC65;Gargaros;y360000
A80E70DD;Ogralus;y361000
46A1C5CF;Orcanos;y362000
B0CB354F;Grumpus Khan;y401000
5E64805D;Groupus Khan;y402000
3B033CE5;Slumberhog;y403000
823BEB78;Snortlehog;y404000
E75C57C0;Panja Pupil;y405000
09F3E2D2;Panja Pro;y406000
6C945E6A;Samureel;y407000
3A843D32;Time Keeler;y408000
5FE3818A;Takoyakid;y409000
6585E9CA;Takoyaking;y410000
00E25572;Danke Sand;y411000
EE4DE060;No Sandkyu;y412000
8B2A5CD8;Sumodon;y413000
32128B45;Yokozudon;y414000
577537FD;Whateverest;y415000
B9DA82EF;Whatuption;y416000
DCBD3E57;Happycane;y417000
8AAD5D0F;Starrycane;y418000
182710E0;Robokapp;y371000
F688A5F2;Robokoma;y372000
93EF194A;Robogramps;y373000
2AD7CED7;Robomutt;y374000
4FB0726F;Robonoko;y375000
A11FC77D;Robodraggie;y376000
C4787BC5;Melonyan;y377000
854960DC;Oranyan;y377010
461A4DF7;Kiwinyan;y377020
072B56EE;Grapenyan;y377030
C0BD17A1;Strawbnyan;y377040
818C0CB8;Watermelnyan;y377050
C1076557;Grublappa;y235500
4ACF6CFD;Madmunch;y237500
696493AF;Badsmella;y249500
64C6591A;Mad Kappa;y274500
8A69EC08;Shamasol;y277500
87A1D7AF;Gnomine;y281500
E2C66B17;Defectabull;y280500
68F1F2FE;Feargus;y303500
836A3B2E;Scaremaiden;y321500
6DC58E3C;Wrongnek;y322500
C044D587;Momonyan;y451000
2EEB6095;Puppynyan;y452000
4B8CDC2D;Chimpanyan;y453000
F2B40BB0;Pheasanyan;y454000
97D3B708;Jibanyan B;y455000
797C021A;Komasan B;y456000
1C1BBEA2;Sir Nyansalot;y457000
4A0BDDFA;Maginyan;y458000
2F6C6142;Rudy;y459000
103E75C0;Sergeant Slug;y461000
A01715FD;Usapyon B;y471000
4EB8A0EF;Emperor Mode;y472000
2BDF1C57;Lord Enma;y473000
1CB5DE56;Lord Enma;y473100
92E7CBCA;Fuu 2;y474000
F7807772;Odysseynyan;y475000
192FC260;Kintaronyan;y476000
7C487ED8;Bison Burly;y477000
2A581D80;Toadal Demon;y478000
4F3FA138;Kabuking;y479000
14E7F9C7;Rubeus J;y480000
7180457F;Seaweed Sns.;y481000
9F2FF06D;Gutsy Bones;y482000
FA484CD5;Drenchetta;y483000
43709B48;Starry Noko;y484000
261727F0;Hardy Hound;y485000
C8B892E2;Arachnevil;y486000
ADDF2E5A;Zazel;y487000
FBCF4D02;Duke Doggy;y488000
9EA8F1BA;Aristokat;y489000
15186984;Krystal Fox;y501000
FBB7DC96;Sigh-Durr;y502000
9ED0602E;Flippit;y503000
27E8B7B3;El Gutso;y504000
428F0B0B;Goofball;y505000
AC20BE19;Minimoto;y506000
C94702A1;Legsit;y507000
9F5761F9;BBQvil;y508000
FA30DD41;Liarbird;y509000
C056B501;Shrillington;y510000
A53109B9;Ponderoo;y511000
4B9EBCAB;Shurikenny;y512000
0AAFA7B2;Nunchucky;y512010
2EF90013;Columbakat;y513000
97C1D78E;Slugger;y514000
F2A66B36;Lappinitup;y515000
1C09DE24;Gutso Grande;y516000
796E629C;Brutle;y517000
2F7E01C4;Hover. Cao Cao;y518000
4A19BD7C;Zip Unlock;y519000
102C1546;Slippup;y520000
754BA9FE;Who-Me;y521000
9BE41CEC;Why Naant;y522000
FE83A054;Chukket;y523000
47BB77C9;Cornfused;y524000
22DCCB71;House Partay;y525000
CC737E63;Skulleidoscope;y526000
A914C2DB;Statikid;y527000
FF04A183;Prof. Plumage;y528000
9A631D3B;Throne Wiper;y529000
A005757B;Imagenius;y530000
C562C9C3;Squandeer;y531000
2BCD7CD1;2-Much-2-Take;y532000
4EAAC069;Naandhi;y533000
F79217F4;T. Energison;y534000
92F5AB4C;Thurston;y535000
7C5A1E5E;Spect-hare;y536000
3D6B0547;Sn. Spect-hare;y536010
193DA2E6;Chilled Cowcao;y537000
4F2DC1BE;Nummskull;y538000
2A4A7D06;Oh Wheel;y539000
B0D955C9;Oh Bah Gah!;y540000
D5BEE971;Sp mountain;y541000
3B115C63;Ship. Sailor;y542000
5E76E0DB;Sing Kong;y543000
E74E3746;Slippy;y544000
82298BFE;Repossessor;y545000
6C863EEC;Mr. Blockhead;y546000
09E18254;Skillskull;y547000
5FF1E10C;Sighborg Y;y548000
689B230D;Sighborg S;y548100
29AA3814;Sighborg T;y548110
EAF9153F;Sighborg W;y548120
3A965DB4;Blownhistoppa;y549000
00F035F4;Steaking;y550000
6597894C;Stircrazy Stu;y551000
8B383C5E;Adm. Admiral;y552000
3944B15A;Abom. Admiral;y552600
EE5F80E6;Silver Lining;y553000
D93542E7;Silver Lining;y553100
5767577B;Jawsome Kid;y554000
16564C62;El Sharkador;y554010
3200EBC3;Unbelievaboy!;y555000
DCAF5ED1;Twirly Pie;y556000
B9C8E269;Petty-Cake;y557000
EFD88131;Buttered Blue;y558000
8ABF3D89;Runsure;y559000
D08A95B3;Cue-Tee;y560000
B5ED290B;Kittylumbus;y561000
5B429C19;Zest-a-Minute;y562000
3E2520A1;Stinkeye;y563000
871DF73C;Slackoon;y564000
E27A4B84;Puppiccino;y565000
0CD5FE96;Demandi;y566000
69B2422E;Pch. Baguette;y567000
3FA22176;Ballin;y568000
5AC59DCE;Koma. Sun Ce;y569000
60A3F58E;Tenguriginal;y570000
2192EE97;Tengulightened;y570010
05C44936;Unbearaboy!;y571000
44F5522F;Inflammaboy!;y571010
EB6BFC24;Whirlweasel;y572000
8E0C409C;Lil Blue Hood;y573000
37349701;Bumblejack;y574000
52532BB9;In-Tune;y575000
BCFC9EAB;Afronaut;y576000
D99B2213;Cereal Spiller;y577000
8F8B414B;Tomorrow Gal;y578000
EAECFDF3;Tongue-Twister;y579000
B134A50C;Lazy Sundae;y580000
D45319B4;Got It Maid;y581000
3AFCACA6;Greengramps;y582000
5F9B101E;Fundango;y583000
E6A3C783;Swaycorn;y584000
83C47B3B;Pearly White;y585000
6D6BCE29;Bubble Beth;y586000
080C7291;Ghostess;y587000
5E1C11C9;Starwin;y588000
3B7BAD71;Double Time;y589000
7A4AB668;Sonic Bam;y589010
011DC531;Camellia;y590000
647A7989;Jiban. Liu Bei;y591000
8AD5CC9B;Treetter;y592000
EFB27023;Neggplant;y593000
568AA7BE;Snitchin;y594000
33ED1B06;Messyrai;y595000
DD42AE14;Indexter;y596000
B82512AC;Usapyon;y597000
F91409B5;Usapyon;y597010
3A47249E;Usapyon;y597020
7B763F87;Usapyon;y597030
BCE07EC8;Usapyon;y597040
EE3571F4;Salty Bacon;y598000
8B52CD4C;DisliKing;y599000
DE0D41BA;Crook-a-doodle;y600000
BB6AFD02;Rocky Badboya;y601000
55C54810;Injurnalist;y602000
30A2F4A8;Lil Kappa;y603000
899A2335;Shedwin;y604000
ECFD9F8D;Retreeter;y605000
02522A9F;Horizontail;y606000
67359627;Misterr Typoo;y607000
3125F57F;Hack King;y608000
544249C7;Dr. E. Raser;y609000
157352DE;Dr. Nocturne;y609010
6E242187;Tut 'n' K'mon;y610000
0B439D3F;Right Brothers;y611000
E5EC282D;Tie-red;y612000
808B9495;Pergushin;y613000
39B34308;Love-Torn;y614000
5CD4FFB0;Shakey;y615000
B27B4AA2;Grubbles;y616000
D71CF61A;Nervous Rex;y617000
810C9542;Rinsin Repete;y618000
E46B29FA;Soloman;y619000
BE5E81C0;Rhumbastiltskin;y620000
DB393D78;Slax;y621000
3596886A;Glumdango;y622000
50F134D2;Unshelltered;y623000
E9C9E34F;Spewart;y624000
8CAE5FF7;Percrushionists;y625000
6201EAE5;Decidevible;y626000
0766565D;Hairum Scarum;y627000
51763505;Oridjinn;y628000
10472E1C;Horridjinn;y628010
341189BD;Quagmira;y629000
0E77E1FD;Putasockinit;y630000
6B105D45;Humtea Jumtea;y631000
85BFE857;Hoppy.;y632000
E0D854EF;Snailspace;y633000
59E08372;OMGator;y634000
3C873FCA;T-Wrecks;y635000
D2288AD8;Nautaloss;y636000
B74F3660;Shellebrity;y637000
E15F5538;Snippity Cricket;y638000
8438E980;Hot Air Buffoon;y639000
1EABC14F;Flocktopus;y640000
7BCC7DF7;Snidewinder;y641000
9563C8E5;Bitter Batter;y642000
F004745D;Ooze Zat;y643000
493CA3C0;Push Pup;y644000
2C5B1F78;Mython;y645000
C2F4AA6A;D-Stroy;y646000
83C5B173;Clodzilla;y646010
A79316D2;Frogetmenot;y647000
F183758A;Princess Pearl;y648000
94E4C932;Asura;y649000
AE82A172;Re-Q-Perate;y650000
1B9FBD8D;Koalanyan;y661000
9057B427;Orckerberg;y663000
296F63BA;Yop. Employee;y664000
685E78A3;Yop. Employee;y664010
AB0D5588;Y. Researcher;y664020
EA3C4E91;Yopple Worker;y664030
1E05A1BB;Yopple Newbie;y664100
47BBE7B9;Yop. Manager;y664200
4C08DF02;Yop. Employee;y665000
0D39C41B;Yop. Employee;y665010
CE6AE930;Y. Researcher;y665020
8F5BF229;Yopple Worker;y665030
A2A76A10;Terminyanator;y666000
C7C0D6A8;Usa. Zhongda;y667000
91D0B5F0;Sushinyan;y668000
F4B70948;Tempurasan;y669000
ABB6DDB0;Last Nyanmurai;y671000
451968A2;Platinos;y672000
207ED41A;Koma Star;y673000
99460387;Gabby;y674000
FC21BF3F;Teducator;y675000
128E0A2D;Gentlemutt;y676000
77E9B695;Flash T. Cash;y677000
21F9D5CD;City Licker;y678000
449E6975;Tomnyan;y679000
1F46318A;Koma Knomads;y680000
282CF38B;Knomad Koma;y680100
7192B589;Knomad Jiro;y680200
7A218D32;Showbonyan;y681000
948E3820;Venoctobot;y682000
F1E98498;Kyubot;y683000
48D15305;Supersize G.;y684000
2DB6EFBD;Roughgraff;y685000
C3195AAF;Lionguist;y686000
A67EE617;Tattlecakes;y687000
F06E854F;My-Baaad;y688000
950939F7;Sweattuce;y689000
AF6F51B7;Cocobanana;y690000
CA08ED0F;Judgebrick;y691000
24A7581D;Amplifly;y692000
41C0E4A5;Chocobonyan;y693000
F8F83338;Mooglenyan;y694000
9D9F8F80;Wobblenyan;y695000
73303A92;Wibblekoma;y696000
1657862A;Li'l Yora;y697000
4047E572;Jibanyan T;y698000
252059CA;Komasan T;y699000
1EB9A1C9;Miss Teri;y701000
F01614DB;Little Charrmer;y702000
C77CD6DA;Little Charrmer;y702100
9571A863;King Jibanyan;y703000
2C497FFE;Qn. Usapyon;y704000
492EC346;Jackomasan;y705000
A7817654;Komajiro Ten;y706000
C2E6CAEC;Acenyan;y707000
94F6A9B4;Josper;y708000
AE90C1F4;Benzaiten;y711000
403F74E6;Hotei;y712000
2558C85E;Ebisu;y713000
9C601FC3;Daikokuten;y714000
F907A37B;Bishamonten;y715000
17A81669;Jurojin;y716000
72CFAAD1;Fukurokuju;y717000
1B8DDD0B;Gorgeous Amb.;y720000
7EEA61B3;Supernyan;y721000
9045D4A1;Kaped Koma.;y722000
F5226819;Ult. Robonyan;y723000
4C1ABF84;Molar Petite;y724000
297D033C;Whi. Kongming;y725000
C7D2B62E;Orcanos Lu Bu;y726000
A2B50A96;Greynyan;y727000
F4A569CE;Tofupyon;y728000
91C2D576;Urnfulfilled;y729000
ABA4BD36;Procrastino.;y730000
CEC3018E;Life-is-Parfait;y731000
206CB49C;Mr Blue-Shy;y732000
450B0824;Yoganalisten;y733000
FC33DFB9;Ulteria;y734000
99546301;Sunk'nsoul;y735000
77FBD613;Ed Zoff;y736000
129C6AAB;J. Ne-Sais-Quoi;y737000
448C09F3;Ancient Enma;y738000
21EBB54B;Rgt. Zazel;y739000
BB789D84;Enma Awk.;y740000
8C125F85;Enma Awk.;y740100
DE1F213C;Sarchopha.;y741000
30B0942E;King Deadward;y742000
55D72896;Pandora;y743000
ECEFFF0B;Comic Genieus;y744000
898843B3;Bastnetnyan;y745000
6727F6A1;Komanubis;y746000
02404A19;The Boracle;y747000
54502941;Rampajah;y748000
313795F9;Hinozall;y749000
0B51FDB9;Hinozall Awk.;y750000
6E364101;Mr. Crabbycat;y751000
8099F413;Necronyan;y752000
E5FE48AB;Necro-owl;y753000
5CC69F36;Necromutt;y754000
39A1238E;Necrodimmy;y755000
D70E969C;Necrosnartle;y756000
BE4CE146;Whyvern King;y761000
50E35454;Deadcool;y762000
3584E8EC;Eggcelency;y763000
8CBC3F71;Sad 2 the Bone;y764000
E9DB83C9;Crummy Mum.;y765000
077436DB;Treasure Pest;y766000
62138A63;Mee 2;y767000
0E65817B;Solar Enma;y771000
E0CA3469;Infinite Enma;y772000
85AD88D1;Umbral Enma;y773000
3C955F4C;Cymbalina;y774000
59F2E3F4;Mumbles;y775000
B75D56E6;Roary;y776000
D23AEA5E;Letsbifrenz;y777000
842A8906;Big Fish;y778000
E14D35BE;Alpina;y779000
BA956D41;Lunie;y780000
DFF2D1F9;Wack o' Lantern;y781000
315D64EB;Moolinda;y782000
543AD853;Neighthan;y783000
CB0BF738;Shovulcan;y801000
25A4422A;Indiana Jaws;y802000
40C3FE92;Zomboy;y803000
F9FB290F;Nyanses II;y804000
9C9C95B7;Meopatra;y805000
723320A5;The Hinix;y806000
17549C1D;El Dorago;y807000
4144FF45;Fitwit;y808000
0BBF174B;Originyan;y900000
F0F3860F;Screwball;y505600
2D2BECFD;CharBQ;y508600
4CFF2D50;Fakin' Chukket;y523600
F5C7FACD;Cornterfeit;y524600
771E44C7;Feigndeer;y531600
02A5D8CD;No Bah Gah!;y540600
B28CB8F0;Fakin' Steaking;y550600
5006C680;Coppiccino;y565600
03482808;Crazy Mondae;y580600
0A599FA8;Intrudapyon;y597600
82DE79AC;Ill Kappa;y603600
0007C7A6;Trubbles;y616600
BC0B6CF9;Putacrockinit;y630600
EB9C0E76;NOMGator;y634600
C9B0F0F3;Slydwinder;y641600
1282D372;Gargaros;x001000
FC2D6660;Ogralus;x002000
994ADAD8;Orcanos;x003000
D87BC1C1;Orcanos;x003010
1B28ECEA;Orcalyte;x003020
A2ABB34F;Zomgralos;x011000
72D11308;Plundros;x021000
0778EF84;Sproink;x111000
4649F49D;Hoggles;x111010
D7024FC3;SV Snaggerjag;x121000
17A4CF36;Dr. Maddiman;x161000
F90B7A24;Unamed;x162000
A78DAF0B;McKraken;x171000
761AFF89;McKraken;x181000
19231B3F;Duwheel;x201000
58120026;Duolyte;x201010
A90A7B02;Chirpster;x211000
E83B601B;Chirpolyte;x211010
47A5CE10;Big Box;x212000
0694D509;Big Box;x212010
22C272A8;Li'l Box;x213000
63F369B1;Li'l Box;x213010
7970DB45;Meganyan;x221000
E71BECCF;Dame Deartime;x311500
6C8AE7B3;Hans Full;x331000
2DBBFCAA;Hans Galore;x331010
3D67DC18;Eyephoon;x341010
D3C8690A;Eyephoon;x342010
BF05EA2A;Torneyedo;x341030
51AA5F38;Torneyedo;x342030
64938293;Hardy Hound;x421000
D4BAE2AE;Rubeus J;x431000
C466C21C;Hinozall;x441000
2AC9770E;Employee;x442000
4FAECBB6;Elite Employee;x443000
F6961C2B;Unamed;x444000
141C625B;Mass Mutterer;x471000
FAB3D749;Sam;x472000
9FD46BF1;Unamed;x473000
0F618AA4;Junkernaut;x601000
BF48EA99;Supermanager;x611000
51E75F8B;Zombie;x612000
3480E333;Meat;x613000
8DB834AE;Hungry Lady;x614000
6F324ADE;Hoaxy-Coaxy;x621000
819DFFCC;Unamed;x622000
DF1B2AE3;The Executor;x631000
31B49FF1;Agent X;x632000
54D32349;Agent X;x633000
CFC70A51;Yo-kaiju;x641000
2168BF43;Blazikong T;x642000
440F03FB;Unamed;x643000
FD37D466;Unamed;x644000
985068DE;Unamed;x645000
D96173C7;Unamed;x645010
1A325EEC;Unamed;x645020
7FEE6A6C;Yopple-Bot;x651000
4884A86D;Yopple-Bot;x651100
3EDF7175;No-Bot;x651010
9141DF7E;G Byte Shark;x652000
D070C467;Byte Shark Air;x652010
1323E94C;Ms. Byte Shark;x652020
F42663C6;Yopple-Bot;x653000
B51778DF;No-Bot;x653010
4D1EB45B;Unamed;x654000
AF94CA2B;Beddy-Byes;x661000
413B7F39;Unamed;x662000
245CC381;Unamed;x663000
1FBDAA16;Slackerjack;x671000
5E8CB10F;Slackolyte;x671010
CE2AFA94;Rongo Swirll;x681000
20854F86;Backing Band;x682000
7E039AA9;Ghoulfather;x691000
90AC2FBB;Ghoulfamily;x692000
F5CB9303;Ghoulfamily;x693000
4CF3449E;Ghoulfamily;x694000
AAB2D66F;Don Spiracy;x701000
1A9BB652;Zenlightener;x711000
4D0CD4DD;Zen. Disciple;x715000
CAE11615;Hollow Guard;x721000
7AC87628;Skulk;x731000
9467C33A;Skulk;x732000
C58B32D9;Tattleterror;x481000
6A14569A;Yellskitchen;x741000
84BBE388;Yellskitchen;x742000
E1DC5F30;Yellskitchen;x743000
2B254D83;Soulcleaver;x741010
C58AF891;Soulcleaver;x742010
A0ED4429;Soulcleaver;x743010
DA3D36A7;The Goldfather;x751000
0A4796E0;Whaleman;x761000
BA6EF6DD;Narwail;x771000
6BF9A65F;Maiden Ruin;x781000
DBD0C662;IcarOS;x791000
7F00809E;The Woebra;x801000
75A252E4;Robonyan 28;x491000
349349FD;Robonyan 3000;x491010
8557D905;Hinozall Awk.;x441010
D19CFEEA;Cpt. Thunder;x551000
01E65EAD;Cpt. Thunder;x561000
D0710E2F;Shogun King;x591000
91401536;Lastest Nyan.;x591010
3EDEBB3D;Warrior's Soul;x592000
7FEFA024;Last S Star;x592010
CF29E0A3;Holey Moley;x811000
218655B1;Exhumoler;x812000
631B58E3;Unamed;y060000
54719AE2;Unamed;y060100
0DCFDCE0;Unamed;y060200
3AA51EE1;Unamed;y060300
BFB351E4;Unamed;y060400
1FB17349;Unamed;y006000
FE3E2ACF;Manhole Cover;2?603000
A8B3FA46;Unamed;2?041000
B6558466;Yo-kai Cleaner;y071000
58FA3174;Komasan;y072000
65B63AEF;DON-CHAN;y279100
237BF3EC;Baffle Board;2?043000
0565C305;Chibi Squad;y997990
5375A05D;Special Guest;y998990
47ACF99D;Cpt. Thunder;x551000
7AD6CFF1;Unamed;y007000
36121CE5;Unamed;y999990