0xC7920F3D|Attack
0x51D65FE1|Triple Attack
0xC355FE1D|Rocket Punch
0xDA4ECF5C|Cupid's Arrow
0xF1639C9F|Laser Beam
0xE878ADDE|Quarterback Smack
0xA7393B19|Scuba Squirt
0xBE220A58|Rocket Wrench
0x49EA634D|Power Attack
0x50F1520C|Power Attack
0x3F1CE583|Mighty Attack
0xF9FC9F31|Dash Attack
0x7293B30B|Fall Back Attack
0xB55CB69D|Shockwave Stomp
0x65B57648|Blitz Attack
0x6F4564A8|Charged Attack
0x765E55E9|Charged Attack
0xF12E6610|Charge Shot
0xDD8B67D8|Discouragement
0xE7D90F0E|Disarmament
0xE79452A6|Bring it On
0xE6FE0FE7|Fire
0xFFE53EA6|Blaze
0xE03B3013|Torrent
0xF9200152|Rapids
0x4C04DB32|Shock
0x551FEA73|Lightning
0x6AD8EC91|Pebble
0x73C3DDD0|Shudder
0x588F74B2|Hail
0x419445F3|Frost
0x3AFB857B|Whirlwind
0x23E0B43A|Tornado
0xC81D1686|Drain
0xD10627C7|Siphon
0x74DF57F6|Restore
0x6DC466B7|Paradise
0xB9BE1BC8|Circle Restore
0x267D23D8|Purifying!
0x3E8D14A0|Rice Ball
0xC0CEF5C9|Attack Boost
0xD9D5C488|Big Attack Boost
0xFA9C9D1F|Defense Boost
0xE387AC5E|Big Defense Boost
0x88F24F9A|Speed Boost
0x91E97EDB|Big Speed Boost
0xC8FC8EB9|Multi Boost Inspirit
0x2017707A|Healing Inspirit
0x390C413B|Spr. Healing Inspirit
0x465B421B|Offensive Stance
0x7C092ACD|Defensive Stance
0x0E67F848|Speedy Stance
0x4E69396B|Master Stance
0xE249F3D3|Invincible Stance
0x8D3937C6|Provoke
0x13A44684|Healing Circle
0x92CAE294|Perfect Circle
0x814FD89B|Offense Drop
0x9854E9DA|Big Offense Drop
0xBB1DB04D|Defense Drop
0xA206810C|Big Defense Drop
0xC97362C8|Speed Drop
0xD0685389|Big Speed Drop
0x897DA3EB|Multi Drop Inspirit
0xA54042D1|Poison Inspirit
0xBC5B7390|Super Poison Inspirit
0xE0C528C8|Circle of Sickness
0xED538E41|Vicious Circle
0x8E9D2F74|Bomb Blast
0x97861E35|Bomb Blitz
0xA306A480|Trap
0xBA1D95C1|Zaptrap
0x74FBFEE9|Mine
0x6DE0CFA8|Megamine
0xCBE202B4|Guard
0xD2F933F5|Iron Guard
0xB2EB55F9|Mirror Guard
0x397FB8DE|Shield
0xC6B228F3|Dodge
0xE882C4FD|Vanishing Act
0x527F909A|Counter
0x571E4CD9|Grab Bag
0xC4905699|Double Discourage
0xFEC23E4F|Dbl. Disarmament
0x2064899F|Ultra Forcefield
0xDF5213A1|Fiend Skill
0xF1430625|Crank-a-Kai Move
0x1F20073C|Enma Orb
0x9E52CC6A|Laser Beam
0xE65BC51E|Rocket Punch
0x4CC6E75B|Vicious Circle
0x928525AF|Guard Shot
0x0CE1B00C|Guard Shot
0xE5821539|Spray
0x7BE6809A|Bowshot
0x95E8E1B6|Shoot
0x7171FC64|Quarterback Smack
0x23F4CCDB|Trap Sensor
0x1C16C250|Treasure Sensor
0xD3E9EFD0|Godsblade
0x62112544|Pointy Toothpick
0x53F93FD9|Toothpick Rainfall
0x6E991669|Gutsy Cut
0xA7B61BCA|Halfhearted Chop
0x01C1107E|Resigned Rush
0x3CA139CE|Phantom Smash
0xE4FB04FF|Cleaning Circle
0xE6FC5005|Spray Care
0xD5131E62|Paws 'n' Claws
0x79A11CCF|Lion Blade
0x428C0F4B|Angry Cross Cut
0xCD6B10E0|Zerberker Slash
0xF00B3950|For Naughty Brats
0x965E0157|Mochi Punch
0xAB3E28E7|Minochi Punch
0x215C3A71|Lickety-Lick
0xBF197122|Snooze Bruiser
0x7ABE4FAC|Hog Wild
0x4B565531|Eelergetic
0xBD1E25D8|Bored Slice
0x872B31C5|Onigiri Slash
0xDFD6177B|Toasted Slash
0xAEBB25DA|Helmsman Helm
0x9F533F47|Knight's Slash
0xA23316F7|Ticket to Hades
0xB6C32B58|Dirty Trick
0x408B5BB1|Victoryyyyyyyy!
0x392434F3|Blazing Fist
0x04441D43|Earthshaker
0x43E46793|Roaring Stance
0xF7896097|Go for Broke
0x51FE6B23|Legendary Slash
0x08CC2E6E|Demonic Slash
0x6C9E4293|Holy Slash
0x6B1C1B54|999 Blades
0x567C32E4|B3-NK1 GUN
0x563F2C01|Mighty Moxie
0xF04827B5|Mega Moxie
0x10B420EC|Gutsy Cross Paw
0xAB7D3602|Tiger Meow
0x11DC38A4|Sushiyama Strike
0x2CBC1114|Boastful Bomber
0xFC830A7D|Big Pincers
0x5AF401C9|Infernal Pincers
0x67942879|The Guillotine
0xEE3E0DE6|Open Wide
0xD35E2456|Ill Appetite
0x63794D9C|Dragon Flash
0x48490652|North Wind
0x44D302AA|Sole Quaker
0x3B236009|Stretchy Slap
0x064349B9|Sneezy Spike
0xF58E346D|Croaking Prayer
0x30290AE3|Yawnehameha
0x0D492353|Yawnehameha X
0x8643298D|Wuwuzzat?
0x4A4E52A8|Forget About It
0xBB23003D|Ignorance Is Bliss
0xFE23253C|Blank Face
0x9398128F|Icky Picky
0x20342239|Mwabsorption
0x1D540B89|Blue Kiss
0xD47B062A|Loving Slap
0xE5931CB7|Max Volume 11!
0xE91B2F9A|Skeleton Smack
0xB7AB3310|Kiss of Life
0x720C0D9E|Heavenly Heart
0x4F6C242E|Fiery Longing
0x2B993368|My Bad
0x137C17E5|Endless Apology
0x8DEE38DC|Cloud Control
0xEC39591C|Upward Tornado
0xB5AC67EA|Signal Shock
0x13DB6C5E|Ton o' Thunder
0x2EBB45EE|Giga Turbocharge
0xB50B1C51|Stirring Broth
0xBC062241|Lies-er Beam
0xC8AD0338|Yes We Pelican!
0x4AE92913|Mirror to Mirror
0x22940D78|Mirror Mirror
0x778900A3|Dark World
0xEC9E22A7|Spirit Illusion
0xD1FE0B17|Spirit Daze
0x965E71C7|Wandering World
0x9D546BBD|Third Eye
0xA034420D|Foursight
0x9A952C9F|Bon App√©tit
0x61D9124D|Typhoon Fan
0x5CB93BFD|Blazing Typhoon
0xBEA60D00|Inferno
0x83C624B0|Arctic Abyss
0x84E306CC|Shock Tactic
0xB9832F7C|Thunderstruck
0x41443842|Cracked Pot
0x18D106B4|Headbutt HEY-O!
0x29391C29|Burning Buster
0x14593599|Gorilla Straight
0xE73333F6|Bowl Buster
0x3B841BB2|Prawn Punch
0x86E45236|You've Lost Me
0x9DF31006|Tank 'n' Spank
0x402C200A|No Way Through
0xE65B2BBE|Insurmountable
0xDB3B020E|Stonewall Drop
0x821B7096|Stare Down
0xDB2935DB|Gangster Glare
0xA1E966BB|Brutal Butt Bat
0x71C43A97|Lock of Steel
0x1A7129F5|Imitate Guardian
0xD7B33123|Barricade Block
0xEAD31893|Iron Cloutain
0x73B371BC|Slapdown
0xB6144F32|Smackdown
0x10634486|Oh!
0x218B5E1B|Gleeruption
0xF6460364|Fidgeting Smack
0xCB262AD4|Trembling Smack
0x69BC3415|Patience Wall
0x70AC22DF|Zattack
0xCFCB3FA1|Divine Strike
0xD6DB296B|Sweaty Wall
0xB4630419|Ultra Sumo Stomp
0x89032DA9|Midnight Stomp
0xB8EB3734|Self-Destruct
0xFF4B4DE4|Refined Guard
0x858B1E84|Glorious Buh-Bye
0xC22B6454|Platinum Guard
0x12140FAD|Super Horn Crash
0x23FC1530|Horn Breaker
0x1E9C3C80|Horn Explosion
0xDEBE0F33|Guard Meowde
0xE3DE2683|Gold Thundpurr
0x3CE2272B|Farewell Blast
0x73C36E6D|Total Collapse
0x4EA347DD|Tidal Guard
0x58542E88|Warts and All
0x65340738|Geck Out
0x2CFF0FF1|Iron Anger
0x8A880445|Iron Frost
0xBB601ED8|Nightmare Beat
0xAE1C5E61|Shake a Leg
0x79066774|?Stylish Stab
0xDF716CC0|?Prism Parasol
0xE2114570|?Radiant Rain
0xD5B465D9|Cicada Cut
0x8C862094|Shadow Speed
0xB1E60924|Wind Run
0x9596365E|Icicle Crack
0x33E13DEA|Subzero
0x0E81145A|Heat Wave
0x60B10A05|Change Face
0x086B55D5|Eyelusion
0x1B1931BD|Paws of Fury
0x3C166075|Paws of Fury
0x18921851|Vitameow C
0x5F326281|Stubble Barrier
0x62524B31|Grape Buddies
0xD0729721|Strawberry Roar
0xED12BE91|Seed Nyattack
0x25F231E1|Melon Masher
0xD2363C1E|Pure-Blue Paws
0x959646CE|Cutie Paws
0xA8F66F7E|Ruby Boogie
0x1AD6B36E|Glittering Paws
0xEF5615AE|Perfect Paws
0xBD6E3A09|Thorny Thwacks
0x78C90487|Nyice ta Beatcha
0x5F321211|Flurry of Furry
0x0D0A3DB6|Lovely Meow
0xA2700812|Vagabond Blade
0xFB424D5F|Paws of Flying
0x53892008|Paws of Rudy
0xDCC94418|I'm a Panda!
0xED215E85|Panjitsu
0x49211E1A|Mega Waterfall
0xBF696EF3|Torrent Slash
0x82094743|Bodacious Slash
0x462204DB|Kappa Cutter
0x191E6547|Spirit Dance
0x02092777|Spirit Burst
0x3E11348F|Spirit Dance
0x247E4CF7|Wild Zaps
0x78C97417|Crazy Lightning
0x03711D3F|Wild Zaps
0x77CA1E46|Koma Kannon
0x5D3546EB|Swirly Nyanball
0x43E41703|Sleepy Smoke
0xC6C601B1|Sleepy Gas
0x7E843EB3|Daydream
0x51591098|Drenched
0xF72E1B2C|Flying Start
0x9C9B084E|Heartstring Tug
0xAD7312D3|Heartmelt Love
0x90133B63|Twisted Love
0xD27522FB|Bear Knuckle
0xDD76383A|Snow Sherbet
0x7B01338E|Shiny Snowdrifts
0x46611A3E|?Shiny Chaos
0x03613F3F|Mega Wave
0x3E01168F|Raging River
0xA516348B|The Hose
0x6A74031C|Envious Hand
0x57142AAC|Grub Stealer
0x3AEC03FA|Wiggling Wave
0x1FE6131D|Seaweed Carnival
0x078C2A4A|Mambo Madness
0x402C509A|Seaweed Samba
0xC7AE19F9|Hungry Impact
0x31E66910|Gleeful Gluttony
0xFACE3049|Fresh Impact
0xD1BD15F2|Eat This!
0x94FE2E16|Lick of Love
0xDA412D93|Lick of Life
0xC4C1554B|Sandslide
0x7C362627|Sand Stormal
0x328925A2|Umbrella Gust
0x4DDE3CBA|Umbrellicade
0x87FC55AF|Make You Happy
0x71B42546|Starry Bright
0xAFD33D92|I Want It All!
0x1DE147E7|Empty Pockets
0x92B31422|Carefree Hero
0x88790234|Innocent World
0xEBA9370E|Joyful Jig
0x593C36C0|Energy Heaven
0x645C1F70|Enemy Aura
0xFF4B3D74|Bestacular
0xC22B14C4|Party Miracle
0x2E0E0980|Soothing Fortune
0xBB964C53|Bull Rush
0xB99118A9|Solar Flare
0x0B041967|Air of Happiness
0xFD4C698E|Fun Field
0xC02C403E|Zany Zone
0x5B3B623A|Pick-a-Present
0x665B4B8A|Get-a-Present
0x503108D0|Roll of Fate
0x6D512160|Hit It Big!
0xB1F43EF1|A Father's Scorn
0x8C941741|Table Flip
0x17833545|A Mother's Love
0x2AE31CF5|Loving Auntie
0xE2A4091E|Kyryn's Kry
0xDFC420AE|Horn of Plenty
0x7453007F|C'mon, This Way!
0x493329CF|Just for You
0x801C246C|Shoulder Crunch
0x266B2FD8|Shoulder Lock
0x1B0B0668|Backache Buster
0x753B1837|Worn Out
0x4CE70DC2|Tuckered Out
0x16EB2D0D|Sap
0x0A6C012F|Proteam
0xE3CC1156|Negativity Germs
0x45BB1AE2|Think Evil
0x78DB3352|Itchpocalypse
0x1E8E0B55|Did You See Me?
0xE8C67BBC|Hazy Dance
0xD5A6520C|Creep 'n' Cut
0x384C2CBB|Suspicious Eyes
0x052C050B|Temper Tantrum
0x428C7FDB|Contrary Gas
0x2886600B|Awkward Silence
0x196E7A96|Awkward Moment
0xCC0308A8|Hidabat Harmony
0x09A43626|Abodaballad
0x34C41F96|Belfree Blues
0xD34C1383|Energetic Gulp
0x20935982|Life Looter
0xB09C26B9|Abrupt Punch
0x81743C24|Borrowed Health
0x27033790|Channel Changer
0x6EDA088C|Me, Me, Me
0x9E3B270F|Gloomy Storm
0xA35B0EBF|Demonic Storm
0x773C4CCD|How Dare You!
0xD14B4779|Triple Trouble
0xEA900676|Big Bloodsucker
0x7D5E3E6F|Negasus Curse
0x403E17DF|Dark Horse
0xCE045C52|Timid Boo
0x687357E6|Boldakazam
0x55137E56|Bacteria Barrage
0xAC1B0A9B|Centur-Eye Stare
0x917B232B|Dazzling Glare
0x314112AB|Stingy Curse
0x0C213B1B|Pitch-Black Curse
0x7D0F175F|Pitch Bomber
0xC4665E60|Alpha Omega
0x8F4E179D|Koff Dropper
0xB22E3E2D|Sting Bomb
0x4EB17008|Drizzling Shower
0xFDEB1235|Heavy Squall
0x73D159B8|Shivering Sigh
0xC08B3B85|Heavenly Hail
0x34712368|Nosebleed Bomb
0xD2240BCB|Life Snag
0xD97F4811|Ropin' Robbin'
0xEF44227B|Face Flop
0xE39D3866|Maruckus
0x263A06E8|Loud and Proud
0x2AF12B20|Boohoo Blast
0x17910290|Awfully Awkward
0x50317840|Meet the Reaper
0x979162A4|Creepy Superbite
0xCEA327E9|Superbite Twin
0xF3C30E59|Stygian Slingshot
0x141A2B7C|Pooch a' Splode
0xDB781CEB|Fluffy Dispel
0x804D0D5C|Bushy World
0x1EDF2265|Ah, Ah, Ah-
0x5B9C1981|Dismartillery
0x246C7B22|Bigmouth
0x190C5292|Badger Bite
0xE42C6095|Thand You
0xD5C47A08|No Thand You
0xB8A829D1|Boastful Dance
0x2F3738F8|Squirm
0x2F6611C8|Stinky Smog
0x12063878|Toxic Gas
0x8940334C|Curse You!
0xB1A517C1|Cursed Love
0x7F0843A5|Squealing Boil
0x89111A7C|Lamest Joke
0xB47133CC|Millennium of Lame
0x4CB624F2|Scary Wrinkles
0xEAC12F46|Beauty Beam
0xD7A106F6|Undying Drain
0xF94519A5|Night Claw
0xB8F900E1|Never Sleep Ever
0x85992951|Unwaking Dream
0x17D21C75|Spider Smash
0x2AB235C5|Spider Crash
0x7402294F|Morning Shower
0x9736191F|Noko Smile
0xA6DE0382|Lucky Smile
0xAA5630AF|Panda Smile
0xB26D20C8|Soothing Smile
0x45EA33D2|Tossabout
0xCB653431|Whining Wail
0x756A3107|Blabber Mouth
0x9939B36A|Blabber Belch
0x68D42C5D|In da Funny Bone
0x55B405ED|Eel Life
0x12147F3D|Venoconda
0x63793D0C|Hateful Charge
0x52912791|Vengeance
0x6FF10E21|Frenzied Rage
0x1B692E6C|Octopick
0x425B6B21|Octopoke
0x15D5488F|Sucksorcism
0xFA8D2EAC|Vacuucism
0xA8B5010B|Flailing Tail
0x5CFA2518|Flaming Tail
0x00A90836|Draggie Stone
0xC50E36B8|Dragon Rock
0xF86E1F08|Dragon Falls
0x83853A55|Dragonic Burn
0x0EC20ABF|Beach Wave
0x6D123F85|Tidal Wave
0x50721635|Big Wave
0x3F2A1022|Twist 'n' Tangle
0xA47E2CC3|Spacing Out
0x991E0573|Uh, Er... Hold On.
0xF4E62C25|Sharkskin Shield
0xC9860595|Feeding Frenzy
0x02AE5CCC|Bank Breaker
0x3FCE757C|Eternal Debt
0xA4D95778|Babbleblast
0x99B97EC8|Banana Splat
0x995D1B96|Aaand Release
0xB3A2433B|A Fisher's Life
0xBFCE1548|I'll Take the Lead!
0xC50E4628|Sulky Soul
0x82AE3CF8|Venomous Feint
0x19B91EFC|Octo Snake
0x24D9374C|Shadow Dragon
0x28510461|Bonito Blade
0x8E260FD5|Shura Shower
0xDC1E2072|Golden Beatdown
0x3D2D44D8|Finale Spoiler
0xEDF63AEF|Full Bloom
0x641F0195|Pooped Out
0x4B81315B|Handsome Grin
0xC2680A21|Lick 'Em Good!
0x7191ABC2|Lickety-Lick
0xE60EBAEB|Dirty Trick
0xBCF4C8AF|Upward Tornado
0x53ACAE8C|Mega Wave
0x6244B411|Umbrella Gust
0xD8B49387|Innocent World
0x7EC39833|Soothing Fortune
0x8BB58D58|Fluffy Dispel
0x5E0F9B0C|Beach Wave
0x6FE78191|Twist 'n' Tangle
0x36272E32|Unfairy Kraft
0x07CF34AF|Unkind Kiss
0xA1B83F1B|Untidy Keeper
0x57F04FF2|Unpleasant Kurse
0xF1874446|Unkeen Krack
0x60666E6F|Dumpling Dice
0x518E74F2|Puppy Paws
0xF7F97F46|Go Ape
0x325E41C8|Flying Feathers
0x94294A7C|Meow Meow Blaster
0xA5C150E1|Bow Wow Blaster
0x03B65B55|Excalipurr
0xF5FE2BBC|Infurno
0x43625A59|Bunny Beam
0x7E0273E9|Quarterback Sack
0x39A20939|Scuba Splash
0x04C22089|Air Support
0xB6E2FC99|Road Rage
0x22436912|Boing Blaster
0x13AB738F|Unamed
0xB5DC783B|Supreme Enma Blast
0x7E80AB9E|Hellish Enma Blade
0x707B46B5|Mediocre Boy's Aura
0xD60C4D01|First-Aid Kit
0xE7E4579C|Axe Slash
0x41935C28|Top-Secret Orders!
0xB7DB2CC1|Toadal Waterfall
0x11AC2775|Bloom Barrage
0x5D14700A|Infernal Blast
0xFB637BBE|Sucking Void
0xCA8B6123|Jackpot Jive
0x6CFC6A97|Super Gloomy Story
0xA95B5419|Alien Encounter
0x0F2C5FAD|Explosive Strike
0x3EC44530|Websmite
0x62B65EFF|Rockin' Rockets
0x98B34E84|Judgment Wave
0x3FFD7448|Openly Hidden Heal
0x0E156ED5|All or Nothing Shot
0xA8626561|Pillow Whump
0x6DC55BEF|Killer Kick
0xCBB2505B|Frenzied Fullswing
0xFA5A4AC6|Emotional Moment
0x5C2D4172|Flee Fly GO!
0xAA65319B|Meat, Please! Meat!
0x0C123A2F|Feinted Slice
0x55207F62|Harum Scarum Hat
0xF35774D6|Well-Conceived Kick
0xC2BF6E4B|Ninja Nastiness
0xFFDF47FB|Endless Storm
0x64C865FF|Columbakat's Egg
0xA16F5B71|Hearty Hit
0x071850C5|Tongue Red Carpet
0x36F04A58|Peerless Punch
0x908741EC|Fearful Fiesta
0x66CF3105|Gutsy Cross Paw
0xC0B83AB1|Zippy Cheer
0xDBAF7881|Ice Rink Roundabout
0x7DD87335|Owling Wind
0x4C3069A8|What's All the Fuss?
0xEA47621C|Killer Pass
0x2FE05C92|A Cornfusing Story
0x89975726|Party Time
0xB87F4DBB|Kaleidoskull
0x1E08460F|Static Spark
0xE84036E6|Tricky Business
0x4E373D52|Wipe-a-Way
0x1705781F|Chillin', just chillin'!
0xB17273AB|Bulk Bestowal
0x809A6936|Red-letter Rockfest
0x26ED6282|Enlightened Energy
0xE34A5C0C|1% Inspiration Flash
0x453D57B8|Rotgut Flameblade
0x74D54D25|Ace of Heart
0x49B56495|Pure Love Story
0xD2A24691|Celebrated Cowcao
0x24EA3678|Nummskull Demise!
0x829D3DCC|Dangerous Driving
0x1DC07106|Oh My Gawd!
0xBBB77AB2|Outta the Way!
0x8A5F602F|Heedless Heave
0x2C286B9B|Soulful Shriek
0xE98F5515|Slippy Slap
0x4FF85EA1|On-the-Shelf Guard
0x7E10443C|Block Party Baffle
0xD8674F88|Whap Bam Boom!
0x2E2F3F61|Belly Button Beam
0x885834D5|Blowout
0xD16A7198|Thick 'n' Well Done!
0x771D7A2C|Stircrazy Stu Slam
0x46F560B1|Full Broadside
0xE0826B05|Shari BANG!
0x2525558B|The Shark Press
0x18457C3B|Sharkadorian Shout
0x83525E3F|Whirling Wallop
0xB2BA44A2|Tweety Tumble
0x14CD4F16|Don't Abandon Me
0xE2853FFF|Buttered Again!
0x44F2344B|Runsure How I Stop!
0x5FE5767B|Be Gentle!
0xF9927DCF|Distant Shores
0xC87A6752|Demon Squash
0x6E0D6CE6|Skavoovie
0xABAA5268|Slackoon Splash
0x0DDD59DC|A Dog's Life
0x3C354341|Do I Dare?
0x9A4248F5|Dempsey Rolls
0x6C0A381C|Get Onboard
0xCA7D33A8|Spirit Dance
0x934F76E5|Cycrown
0xAE2F5F55|Garuda Flame
0x35387D51|Blazing Badness
0x085854E1|Inflammamewl
0x04D067CC|Wasting Whirl
0xA2A76C78|Blissful Bathtime
0x670052F6|Probing Cure
0xC1775942|Harmonic Heals
0xF09F43DF|Zero-G Afro-Power
0x56E8486B|Spinny Spills
0xA0A03882|Go! Go! Tomorrow!
0x06D73336|Soothing Sermon
0x4A6F6449|That Sunday Feeling
0xEC186FFD|Super Heal
0xDDF07560|Recycled HP
0x7B877ED4|Energizing Exercise
0xBE20405A|Baffle Beam
0x18574BEE|Wooing Whitening
0x29BF5173|Floral Foam Wave
0x8FC85AC7|Going the Extra Mile
0x79802A2E|Galapagan Grace
0xDFF7219A|Too Fast LOL
0xE297082A|Flying Dolphin
0x86C564D7|Captivating Camellia
0x20B26F63|Paws of Fury
0x115A75FE|#soultimatemove
0xB72D7E4A|Bogus Barley Tea
0x728A40C4|Finking Hard
0xD4FD4B70|Traces of Trash
0xE51551ED|Disconnect
0xB52A2AB0|Morning Frazzle
0x135D2104|Self-Loathingville
0xA0074339|Fowl Play
0x0670488D|Just as Expected
0x37985210|Fake Newsflash
0x91EF59A4|Bonkers Bash
0x5448672A|Bristleblockle
0xF23F6C9E|#worldpeace
0xC3D77603|Lazybones
0x65A07DB7|Stick it to 'Em
0x93E80D5E|Brain Hack
0x359F06EA|Hair Growth ZERO
0x08FF2F5A|Toxic Trouble
0x6CAD43A7|Flying Front Charge
0xCADA4813|Synchronicity!
0xFB32528E|Homesickness
0x5D45593A|Explosive Jest
0x98E267B4|Ripping Rancor
0x3E956C00|Sellout Slap
0x0F7D769D|Jaundmist
0xA90A7D29|Worried Wildfire
0x5F420DC0|Tub Turning Terror
0xF9350674|Your Own Paradise
0xE2224444|Blue on Blue Samba
0x44554FF0|Slovenly Slowdown
0x75BD556D|Funked Out Four
0xD3CA5ED9|Egg Shell Shock!
0x166D6057|Bad Night Belch
0xB01A6BE3|Ground Down
0x81F2717E|Decisive Decree
0x27857ACA|Block-a-Rock
0xD1CD0A23|Atomicomet
0xECAD2393|Phantasmal Shower
0x77BA0197|Top Hit Stick
0x2E8844DA|Unwanted Attack
0x88FF4F6E|Elastiwhack
0xB91755F3|Cricket Guard
0x1F605E47|Pace Yourself!
0xDAC760C9|Shock Jaw Attack
0x7CB06B7D|Stubborn Stomp
0x4D5871E0|No Shell off My Back
0xEB2F7A54|Wonder Wet
0x1D670ABD|A Snip Too Far
0xBB100109|Bombasticate
0x244D4DC3|Octopull
0x823A4677|Do It This Way!
0xB3D25CEA|Killit Skillet
0x15A5575E|Oozing Out
0xD00269D0|Click Click Bang
0x76756264|My Big Splash
0x479D78F9|Stamping Destroyer
0x7AFD5149|I Dun Dit It
0xE1EA734D|Rise and Shine
0x17A203A4|Kelpy Hospitality
0xB1D50810|Berserker's Fury
0xE8E74D5D|Stygian Obs-Q-rity
0xC01F410A|Two World Beam
0x05B87F84|Meowl Be Back
0xA3CF7430|Bunny Beam
0x558704D9|Total Tuna Fury
0xF3F00F6D|Frantic Fry Up
0x0CB54194|Harakiri Sword
0x3D5D5B09|Platinummification
0x9B2A50BD|Twinkling Star
0x5E8D6E33|Gift of the Gab
0xF8FA6587|Unbearable Truth
0xC9127F1A|Pooch Patch Up
0x6F6574AE|Money from Heaven
0x992D0447|Molar Immodesty
0x3F5A0FF3|Centicuffs
0x73E2588C|Knomadic Beam
0xD5955338|Show Biz Bang
0xE47D49A5|Double Dragun
0x420A4211|Cut of Nine Tails
0x87AD7C9F|Revittles
0x21DA772B|Spray Points
0x10326DB6|Flaming Fluency
0xB6456602|Warm from the Oven
0x400D16EB|My Expelogies!
0xE67A1D5F|Salad Days Again
0xBF485812|Chocoslap
0x193F53A6|Protectionist Stance
0x28D7493B|Grand Spectacular
0x8EA0428F|Chocobo Charge
0x4B077C01|Finally Fantasmagic
0xED7077B5|Wobble Noggins
0xDC986D28|Wibble Noodles
0x8CA71675|Paws of Treanyaaah
0x2AD01DC1|Treasured Soul
0x110B5CCE|Enigma Zone
0x20E34653|Frying Flames
0x86944DE7|Sovereign Slash
0x43337369|Endless Love
0xE54478DD|Jack of All Dances
0xD4AC6240|Tenfold Trouncing
0x72DB69F4|Figure of Ace
0x8493191D|Unhappy J Sickle
0xDDA15C50|Benten Thunder
0xEC4946CD|Feel-Good Flurry
0x4A3E4D79|Sumptuous Soothe
0x8F9973F7|Kiss of Kismet
0x29EE7843|A Century of Lances
0x180662DE|Existential Extractor
0xBE71696A|Bright Blessing
0xF5595007|Absolutely Fabulous
0x532E5BB3|Paws of Justice
0x62C6412E|Dark Dance
0xC4B14A9A|Ultimate Missile Pod
0x01167414|Bare Overbite Boon
0xA7617FA0|Blabber Mouth
0x9689653D|Nightmare Beat
0xC6B61E60|Soy Beam
0x60C115D4|Yawning Welcome
0x39F35099|Prolonging Poison
0x9F845B2D|Caramel Calm
0xAE6C41B0|A Turn for the Better
0x081B4A04|Pulverizing Pose
0xCDBC748A|Heavenly Heal
0x6BCB7F3E|Vigilant Vacillation
0x5A2365A3|Glaring Terror
0xFC546E17|Frenetic Fashion
0x0A1C1EFE|Wrathful Judgment
0xAC6B154A|Heavenly Sword
0x33365980|Evil Eyeball
0xF86A8A25|Fell Enma Blade
0x95415234|Pharaonic Curse
0xA4A948A9|Cluvian Claymore
0x02DE431D|Pandora's Box
0xC7797D93|Pulling Power
0x610E7627|Paws of Clury
0x50E66CBA|Spiritual Swirls
0xF691670E|Ominous Comets
0x00D917E7|Adjudicated!
0xA6AE1C53|Blockbuster Beam
0xFF9C591E|Gratitude Beam
0xD7645549|Frigid Fist
0xE68C4FD4|Deadly Deadeye
0x40FB4460|Yolk's on You
0x855C7AEE|Boning Up
0x232B715A|Unrestful Repose
0x12C36BC7|Setback-in-the-Box
0xB4B46073|Sweetheart
0x7FBE8CE8|Paws of Furry
0x828F2751|Scratch My Swirls
0x9752B1E3|Cold Snap Slap
0x1BCE55D7|Solar Slam
0x2A264F4A|Space-Time Surge
0x8C5144FE|Annihilator
0x49F67A70|Kaos March Off
0xEF8171C4|Final Ferocity
0xDE696B59|First Ferocity
0x781E60ED|Caw-Cawpse Breath
0x8E561004|Tidal Stomp
0x28211BB0|Blooming Health
0x64994CCF|Lunar Landings
0xC2EE477B|Lava Lamp
0xF3065DE6|Heavy Heifer Hurt
0x55715652|Stallion Stab
0xCEB2931F|Fill You In
0xFF5A8982|Sharkshooting
0x592D8236|Choppa Lotta
0x9C8ABCB8|Pacifier Power
0x3AFDB70C|Passionate Regard
0x0B15AD91|Hinix's Fiery Fun
0xAD62A625|Auric Exhalation
0x5B2AD6CC|Divine Sword
0x339B4146|Spirit Illusion
0x1E2E0019|Demonic Slash
0x4642B9D8|Knight's Slash
0xB0ABF2B0|Iron Swing
0x7EC10637|Crash Landing
0x5A9DC3CD|Incinerate
0xB01DDA8B|Full Swing
0xB1646C31|Iron Anger
0xEF27FDC6|Onislaught
0x762EAC7C|Onislaught
0x01299CEA|Onislaught
0x72B26725|Iron Swing
0xBCA091C6|Crash Landing
0xB9FD8A92|Incinerate
0xC30B6AF9|Crash Landing
0x39D97D38|Waterfall
0xC6E628D5|Waterfall
0x6A13A1B0|Waterfall
0xA0172153|Bubble Trouble
0x391E70E9|Bubble Trouble
0x8F9807EA|Bubble Blast
0x16915650|Bubble Blast
0xE33A7DE5|Iron Frost
0x97715AA3|Waterfall
0x1B9F5230|Waterfall
0xADDDFBBF|Crash Landing
0x71CE1ACB|Iron Swing
0x8794E2C6|Crash Landing
0xF24E2DF6|Nightmare Beat
0xB615CB6C|War Paint
0x758DCE64|Onislaughter
0xEC849FDE|Onislaughter
0x66257341|Cluster Boom
0xD0416FC0|Iron Tornado
0x59B2EDE5|Nightmare Beat
0x14262057|Crash Landing
0x6F9136E0|Bucket Bash
0x2D8232E6|Pork Drop
0xB48B635C|Pork Drop
0xEA5AC8A5|Roast Pork
0x7353991F|Roast Pork
0xCFF1395F|Chuck the Bucket
0xE47CC0BC|Hogwash
0x05A49281|Squealing Boil
0x78EA22A3|Bucket Bonk
0xB08DD390|Pork Drop
0x2984822A|Pork Drop
0x37CC1120|Smoked Bacon
0xAEC5409A|Smoked Bacon
0x1267E0DA|Chuck the Bucket
0x0BBEAB82|Hogwash
0xEAF62460|Potbelly Boil!
0x2DDF3369|Tendrill
0xC908E644|Squalidescope
0xB8266391|Squorcher
0xC5EB91EE|Squidcicles
0x48D73CB4|Squidcicles
0x767D1734|Turbo Tendrill
0x95AA162D|Tentackle
0x65D0B76C|Ink Blots
0x6C5A7578|Possquidle End
0x1721CD30|Unamed
0xCADA11E0|Unamed
0xF1D9F993|Unamed
0x8F83CF1D|Unamed
0x939EB239|Unamed
0x0A97E383|Unamed
0x7E599C0B|Unamed
0xAD8D5F8E|Unamed
0x039AF3FC|Unamed
0x168AEB8C|Unamed
0x2AF46037|Unamed
0xD037A04E|Unamed
0xF94D7DE5|Unamed
0x1625D433|Unamed
0xF2234E76|Unamed
0x3D08D977|Unamed
0xC39D3296|Unamed
0x7A4B95A5|Unamed
0xD72278B4|Unamed
0x958CF419|Unamed
0x0C85A5A3|Unamed
0x7B829535|Unamed
0xE5E60096|Unamed
0x92E13000|Unamed
0xD8250D7C|Unamed
0x97F5E7B6|Unamed
0x07B66DF9|Unamed
0x8F85644B|Unamed
0x7547510D|Unamed
0x70232FA7|Unamed
0x91A339F9|Unamed
0xE6A4096F|Unamed
0x7FAD58D5|Unamed
0x5BB84289|Unamed
0xE2737CE3|Unamed
0x7B7A2D59|Unamed
0x0C7D1DCF|Unamed
0x9219886C|Unamed
0x1C1B3B4D|Unamed
0xDBBD5F0B|Unamed
0x624684E3|Unamed
0x733BEE9A|Unamed
0x332F12B3|Unamed
0xDADEDB55|Dog Pound
0xB8303FE5|Droppin Bombs
0xD64CF0B9|Bombs Away
0xABD16357|Line of Fire
0x1B503B54|Hardy Hook
0x83CCB740|Down Boy
0x18E35D3F|Bombardment
0x3440EA4D|Baneful Barker
0xD3BE490D|Explosive Strike
0xB22DBEFF|Ill-favored Friend
0xCF0238E1|Attack
0x2A310B0E|Fire Move
0xAECBB7D4|Loafing
0xB13708D9|Executive Action
0x88FB1099|Crunch Time
0xB501D767|Do Not Disturb
0x1949353D|Inspiration Strikes
0xB4C17A66|Test Barrier Bane
0x459073E0|My Office, Now!
0xDC99225A|My Office, Now!
0x175F57DC|Power Nap
0x4925AFFA|Employee Beam
0x038CB40B|Employee Beam
0x5B0C3D5C|Employee Beam
0x057CA2DE|Elite Summon
0xCDA6F3AF|Employee Saber
0xA8BB5E03|Employee Saber
0xF44ACC44|Unamed
0xDAC9333A|Unamed
0x14360693|Unamed
0x41E15C65|Unamed
0xECFEF139|Unamed
0x75F7A083|Unamed
0x02F09015|Unamed
0x4A21147F|Convict Kick
0xF7A59E53|Jailbreaker
0xD67FFBDB|Jailbreaker
0x015AB967|Jailbreaker
0xB6EEDAB4|Knives Out
0x3D289F67|Knives Out
0x2136C0A3|Blow This Joint
0x51F09784|Blow This Joint
0x630FA30A|Prison Break
0xA9E2D720|Summon Sam
0xAC1A7FBB|Jailhouse Jab
0x62E01F19|Prisoner's Perk
0xF9FF5C11|Unamed
0xCFFF037E|Unamed
0x11BA7092|Unamed
0x74F29BB9|Unamed
0x3FFB35C6|Unamed
0x1E1312F3|Unamed
0xE41C2F90|Unamed
0x931B1F06|Unamed
0xC3BF1AF1|Unamed
0xBE6F0A40|Unamed
0x0F6B4998|Unamed
0xBF5D48C8|Unamed
0x26541972|Unamed
0x3668CA77|Unamed
0xD2B5E8B9|Unamed
0x39E0A4C1|Unamed
0xC2340F9F|Unamed
0xA3641E6F|Unamed
0x3A6D4FD5|Unamed
0x24C2D52C|Unamed
0xBDCB8496|Unamed
0x7E497390|Unamed
0xD9B7A52A|Unamed
0xDF01FD83|Unamed
0xA4C4A372|Unamed
0xA97CE178|Unamed
0x79527AF7|Unamed
0x69DA3646|Unamed
0x9E00DEFF|Unamed
0xE71BE9F9|Unamed
0x8B783278|Unamed
0x03048DC0|Unamed
0x7699E206|Unamed
0xEF90B3BC|Unamed
0x1D12182B|Unamed
0x60B8C1AB|Unamed
0xF44F6D32|Unamed
0xC3AE8AA1|Unamed
0xE066ABA8|Unamed
0x15CC51B4|Unamed
0x8CC5000E|Unamed
0xFBC23098|Unamed
0x65A6A53B|Unamed
0x365839AC|Unamed
0xC16EC39C|Unamed
0x01CC468E|Unamed
0x815ACD06|Unamed
0x8AA578DD|Unamed
0x6D66848F|Unamed
0xF302112C|Unamed
0x1BA3DE2E|Unamed
0xF2C07B1B|Unamed
0x1EECC8AB|Unamed
0x69EBF83D|Unamed
0x4CB12583|Unamed
0x8C88C234|Unamed
0x43399373|Unamed
0xE2E3AC3F|Unamed
0x95E49CA9|Unamed
0x0B80090A|Unamed
0xE7ACBABA|Unamed
0x90AB8A2C|Unamed
0x0ECF1F8F|Unamed
0xDE41EFB8|Unamed
0xA946DF2E|Unamed
0x37224A8D|Unamed
0xDACC930A|Unamed
0xADCBA39C|Unamed
0x33AF363F|Unamed
0x6C6133A8|Unamed
0x1B66033E|Unamed
0x8502969D|Unamed
0x6DA3599F|Unamed
0x1AA46909|Unamed
0x84C0FCAA|Unamed
0xCE8827E4|Unamed
0x50ECB247|Unamed
0xCA055B56|Unamed
0xBD026BC0|Unamed
0xB84D7D45|Unamed
0x512ED870|Unamed
0x2B354FEF|Unamed
0x5C327F79|Unamed
0xC256EADA|Unamed
0x2E7A596A|Unamed
0x597D69FC|Unamed
0xC719FC5F|Unamed
0xA5B7D078|Unamed
0xD2B0E0EE|Unamed
0x4CD4754D|Unamed
0xA475BA4F|Unamed
0xD3728AD9|Unamed
0x4D161F7A|Unamed
0x17970C68|Unamed
0x60903CFE|Unamed
0xFEF4A95D|Unamed
0x131A70DA|Unamed
0x641D404C|Unamed
0xFA79D5EF|Unamed
0x9404C06C|Unamed
0xA992F935|Unamed
0xBC384285|Unamed
0x72F87C78|Unamed
0x27A56670|Unamed
0x634AA90A|Unamed
0x3A6C51FD|Unamed
0x106922DD|Unamed
0x92D23627|Callous Claw
0x1DD7CB57|Sweep 'n' Reap
0x6290AB51|Rubeus Rumble
0xB1BD7710|Kick Kat
0x20F8DE58|Rubeus Roast
0xB9F18FE2|Rubeus Roast
0xCEF6BF74|Rubeus Roast
0xF3706499|Out With a Bang
0xEB28D4BD|Ill-favored Friend
0xC6619340|Infernal Blast
0x5A67671D|Attack
0x9CFC17B8|Fire
0xE88D2654|Loafing
0xEBF7D670|Unamed
0xCE104F06|Unamed
0x49BA40CD|Unamed
0x0C7A3257|Unamed
0xF17B7E5B|Unamed
0x33C32001|Unamed
0xDA8254FD|Unamed
0xA212A3C6|Unamed
0xE6006A18|Unamed
0x56A41B47|Unamed
0x07148D78|Unamed
0x132C484C|Unamed
0x1AEDC901|Unamed
0xCEBA91C9|Unamed
0xDB6316C1|Unamed
0x624E46A1|Unamed
0x0CD4AF82|Unamed
0x558CE1D7|Unamed
0x0E278192|Unamed
0x07E600DF|Unamed
0xB4B13923|Unamed
0x1AD9A8B2|Unamed
0xC0CA5C59|Unamed
0x1FF78C06|Unamed
0xD35D8C98|Unamed
0x08E5F489|Unamed
0x8A54BC5E|Unamed
0x14738FAA|Tattlewhack
0xC1CEC2E0|Tattlewhack
0xF83722A2|Tattlehammer
0x6DDCDD21|Tattleaxe
0x8F7A1919|Tatapult
0x7936471D|Tattlespank
0x812DECED|Tattlespank
0x57A939DA|Unamed
0xFF224220|Unamed
0xA1361E6B|Unamed
0x167B8080|Unamed
0x0ED76803|Unamed
0x83DA8EFB|Unamed
0x68D1C7DD|Unamed
0xDA74EFE0|Unamed
0x5E7643DF|Unamed
0xF1DE326E|Unamed
0x622DA356|Unamed
0x6D9C1EF5|Unamed
0xF9B9EBBE|Unamed
0xCF59B7C3|Unamed
0x1ED56F8D|Unamed
0xF5DE26AB|Unamed
0x741C7E71|Unamed
0xC6E5B00B|Unamed
0xF7C2EB39|Unamed
0x7770EC57|Unamed
0x424BE787|Unamed
0xF2666BDD|Unamed
0xD040D57F|Unamed
0xEE708F5D|Unamed
0x6092BBBF|Unamed
0x2A5432BC|Unamed
0xCE8B37BF|Unamed
0xC5ED2CC4|Unamed
0x5C0EFA4C|Unamed
0x4D4F3409|Unamed
0x33E656D8|Unamed
0xE4C48AEF|Unamed
0x83D4C7AB|Unamed
0x9B3B0EDC|Unamed
0xC9409B04|Unamed
0x2B2D6CE6|Unamed
0x999F8761|Unamed
0x4684ED7F|Unamed
0x308B4106|Unamed
0x44BFC7DF|Unamed
0xDDB69665|Unamed
0x7F8B6BE8|Unamed
0xFB8A18D8|Unamed
0x140CDD2E|Unamed
0x47B9FCA0|Unamed
0xABCAD675|Unamed
0x207C956C|Unamed
0xDAC223D5|Unamed
0x08DEE6DF|Unamed
0xF8A12603|Unamed
0x352D63D1|Unamed
0x52E80A1D|Unamed
0xAC24326B|Unamed
0xDB2302FD|Unamed
0x744196FE|Unamed
0x3E2315D6|Unamed
0x57E2479C|Unamed
0xEC9FF97C|Unamed
0xD9C86BDC|Unamed
0xBEBC1B6E|Unamed
0x0BB4B7E0|Unamed
0x309E1CA7|Unamed
0x041A2856|Unamed
0x068A291B|Unamed
0x22EF53AF|Unamed
0xD061ED9E|Unamed
0x87C3ADE6|Unamed
0x6183724B|Unamed
0x9E09395A|Unamed
0xA3F15C53|Unamed
0x0645B37A|Unamed
0xA981ADBD|Unamed
0x01E7CAF4|Unamed
0x1722F0C5|Unamed
0x39E34C5A|Unamed
0x49142354|Unamed
0xD49963A2|Unamed
0x7F2740E9|Unamed
0x98ADA68B|Unamed
0xB6E3A437|Unamed
0x37BA635D|Unamed
0x66D3FBA4|Unamed
0x22F21B9A|Unamed
0x3EC12F9E|Unamed
0x652BAD23|Unamed
0x9A42869B|Unamed
0x8C87BCAA|Unamed
0xA2460035|Unamed
0xD2B16F3B|Unamed
0x1833633C|Unamed
0xE4820C86|Unamed
0x1F0B6DC8|Unamed
0x31456F74|Unamed
0x8E41B8B5|Unamed
0xDF28204C|Unamed
0xB95757F5|Unamed
0xA56463F1|Unamed
0xD46D64EF|Unamed
0xFD66E6A0|Unamed
0x646FB71A|Unamed
0x1368878C|Unamed
0xE69774CD|Unamed
0x7F9E2577|Unamed
0x089915E1|Unamed
0x96FD8042|Unamed
0xE1FAB0D4|Unamed
0x78F3E16E|Unamed
0x4975CF59|Unamed
0x33EC449D|Unamed
0xEBBA2CD0|Unamed
0xDE5B8994|Unamed
0x4752D82E|Unamed
0x3055E8B8|Unamed
0xCAC98E59|Unamed
0x5AC3BC59|Unamed
0x5CFA05CE|Cat Slash
0x518D482B|Cat Slash
0x8B59EE2B|Cat Slash
0x1CE9EBD2|Cat Slash
0xAD37A8D3|Spiral Slash
0xC691A444|Spiral Slash
0x43FC1BE3|Waterfall Slash
0x605183F5|Gravity Slash
0x305EF46D|Gravity Slash
0xA957A5D7|Gravity Slash
0xDE509541|Gravity Slash
0xA594E6D0|Curse of the Fallen
0x4D6CAE21|Blades of Regret
0xC0D961A2|Blades of Regret
0x0604C024|Fatigue
0x638FE70B|Blades of Regret
0x04B5CAF9|Blades of Regret
0x35555C8F|Unamed
0x698808CA|Unamed
0xFE781BAC|Unamed
0xB8589B27|Unamed
0xD0395EF8|Unamed
0xF1D179CD|Unamed
0x0BDE44AE|Unamed
0x7CD97438|Unamed
0xD4C40EB2|Unamed
0x5D7E27F4|Unamed
0xADE1CE3E|Unamed
0xB8C59B67|Unamed
0x38BCDAB8|Scrableghhh!
0x6CC9F1DE|Scrableghhh!
0x6B5F5CD0|Rusty Iron Arm
0x2F27E1C6|Junk 'n' Run
0xC78010D2|Super Suction
0x1EF54CB8|Loafing
0x10E9D010|Junkalanche
0x7F03F387|Dangerous Debris
0x9BFEEE6D|Unamed
0xE3F61D34|Hands Full
0x3D6804C7|Memorable Musk
0x07ABDD57|Shocking!
0xB2760CB4|Throated Flask
0x2B7F5D0E|Throated Flask
0x423AFC60|Flask Throw
0xDB33ADDA|Flask Throw
0x9315B271|Furious Karma Fist
0x0A1CE3CB|Furious Karma Fist
0x7D1BD35D|Furious Karma Fist
0x008D04B9|Unamed
0xF48D0977|Extra Mile Trip
0xA6CD48A8|Odor Up!
0x9AA43C21|Electric Welcome
0x73F8D374|Just a Moment...
0xEAF182CE|Just a Moment...
0x83B423A0|On My Left!
0x1ABD721A|On My Right!
0x14B37932|Show of Hans
0x8DBA2888|Show of Hans
0xFABD181E|Show of Hans
0xF131570C|Unamed
0x12E230B8|Managerial Cuts
0x62693634|Wobble Butt
0xA2AE46F2|Super Soar
0x7923CCFC|Super Sick
0xE02A9D46|Super Sick
0xE16851B4|Sales Pitch
0xA5EFD944|SeRvIcE pLeAsE!
0x52DDD3AC|Plentiful Punch
0x6587FDD4|Ward of Woe
0x62444010|Rite of Fire
0x91445328|Gaian Rainbow Ray
0x01D5D178|Charm Cage
0x940F10DB|Body Slice
0xD0879B1D|Body Slice
0x67A464FA|Shredding Charge
0x564C7E67|Shredding Charge
0xF03B75D3|Shredding Charge
0x3C5A2CB6|Stomp, STOMP!
0xB9FB044F|Helical Hew
0x984F8E7F|Helical Hew
0x422D7B0D|Carnival Carve Up
0x99927DC9|Fixated Flames
0x8318B064|Fixated Flames
0x11E4B720|Fear Finder
0x18B718EE|Fixated Flames
0x9430D4A4|Fixated Flames
0x7D49E1C2|Observer of Awe
0x13A9DB98|Saturday Knife Fever
0x7EEF0A8C|Saturday Knife Fever
0xC9CCF56B|Frightday 13th
0xF824EFF6|Frightday 13th
0x5E53E442|Frightday 13th
0xE0674686|Frightday 13th
0xF0F02C28|Pouncing Pummel
0x755104D1|Flailing Blades
0x05406F09|Flailing Blades
0x83A3A4CD|Clupera Phantom
0x2FBB2FA2|Incipient Rage
0x8EBA1909|Fixated Frost
0xE67F8B22|Fixated Frost
0xC6063778|Fear Finder
0x0F9F7C2E|Fixated Frost
0xF157EFE2|Fixated Frost
0x921B5723|Observer of Awe
0x73A17067|Nail Scrape
0xD5436381|Striking Staff
0x5CA7DE27|Leap and Land
0x937328C4|Woebran Beam
0x892BA11E|Dark Soul Strike
0x097685D2|Lashing Tail
0x70F981E0|Ophidian Obscurity
0x64393BA2|Up for Grabs
0xA6273801|Calamitous Crush
0xDF448204|Iron Press
0xCAC0972C|Cyclonic Arm
0x439A101D|Monstrous Missile
0xE4F9A016|Shocking Shots
0x792E98AF|Shocking Shots
0x6CEA01E0|Hard-hits Hammer
0x44224C1A|Golden Claw
0x05E146F6|Breath of Gold
0x08EDCD7B|Shower of Gold
0xEB5A9BCC|Gold Rush Dreams
0xE3FA38D8|Gilded Glide
0x19EC7B53|Gilded Glide
0xBCEAC844|Gilded Glide
0x1B6AB3CC|Auric Avarice
0xF3C4CA37|Auric Avarice
0x7DBC52BA|Dynamite
0xC806B753|Three Stage Attack
0xBF0187C5|Dash Attack
0x68885511|Loafing
0x7ABA5B72|Captain Punch
0xBDE85790|Shot No. 3
0xAB2D6DA1|Shock Sphere
0x85ECD13E|Wide Thunder Beam
0xF51BBE30|Invader Rush
0x07A2956D|Sparking Shock
0x5A8B9A5F|Operation S
0xF8696457|Missile: Hands Off!
0x38D36A96|Shot No. 9
0x21559C01|Double Revolution
0x0F1B9EBD|Double Revolution
0xBDACB65A|Compact Break
0xECC52EA3|Shot No. 360
0x650631E5|Barrage Carnival
0x793505E1|Operation O
0x533BC4DA|Moley Ole Mudball
0xF59DCD09|Mashing Mudball
0xDC68E4CC|Mashing Mudball
0x051BCD58|Mashing Mudball
0x0965B18D|Shovel Claw
0xE73D7A8C|Dump Tackle
0xE3FC9445|Muddy Upper Cut
0xC097CC99|Mind Your Head!
0x7F7E6AF3|Bored to Death
0x8DC707AE|Tunnel Traveler
0x0BBB8337|Tunnel Traveler
0x816CDC4B|Bannerman's Slash
0x866FC873|Bannerman's Slash
0x16560F5D|Bannerman's Slash
0xCB0B6B8A|Bannerman's Slash
0x2A916390|Whirling Wound
0x41376F07|Whirling Wound
0xDEF3FA95|Niagara Mauls
0xA1DF5C35|Rocket Rend
0xEDC82DE8|Rocket Rend
0x74C17C52|Rocket Rend
0x03C64CC4|Rocket Rend
0x693EE64E|Nyanmurai's Curse
0xCC49CB06|Star Collection
0x477FAAE1|Star Collection
0xCAAEC0BA|Fatigue
0x07EB449C|Shooting Star
0xE4292C48|Star Collection
0x9B6F4967|Star Collection
